Name,Username,Email,Password,School,GraduationYear,EducationLevel,Major,numhacks,profileimg
DM2UNG,DM2UNG,DM2UNG@gmail.com,DM2UNG,Alabama A & M University,2020,Graduate,['information technologies'],8,['https://i2.wp.com/tricksmaze.com/wp-content/uploads/2017/10/Stylish-Girls-Profile-Pictures-1.png?resize=300%2C300&ssl=1']
ARFFH6,ARFFH6,ARFFH6@gmail.com,ARFFH6,University of Alabama at Birmingham,2020,PhD,['business'],9,['https://static1.squarespace.com/static/55198f1ce4b00c2cab3e5e30/t/5526d4c0e4b0930deae8978d/1428608208846/600x600%26text%3Dprofile+img.gif']
LBYCFV,LBYCFV,LBYCFV@gmail.com,LBYCFV,University of Alabama at Birmingham,2020,Undergrad,['journalism'],3,['https://sguru.org/wp-content/uploads/2017/06/sexy-girl-dp.jpg']
WZMXU4,WZMXU4,WZMXU4@gmail.com,WZMXU4,University of Alabama at Birmingham,2018,PhD,['computer engineering'],3,['https://www.google.com/url?sa=i&rct=j&q=&esrc=s&source=images&cd=&cad=rja&uact=8&ved=2ahUKEwirsqrumMLbAhVux1kKHWq7CpoQjRx6BAgBEAU&url=https%3A%2F%2Fwww.ziglar.com%2Fmichelle-prince%2F&psig=AOvVaw1mX6vij-7hyeXyziLwIsXS&ust=1528482953750221']
AFWSNT,AFWSNT,AFWSNT@gmail.com,AFWSNT,University of Alabama at Huntsville,2021,Undergrad,['biology'],2,['https://cdn.imaginetricks.com/wp-content/uploads/2017/08/Lovely-Girls-Cool-Profile-Pictures.jpg']
LSC4BR,LSC4BR,LSC4BR@gmail.com,LSC4BR,University of Alabama at Birmingham,2018,Undergrad,['film'],9,['https://encrypted-tbn0.gstatic.com/images?q=tbn:ANd9GcTcRZyhoIa_nPHxYVJrZBC0cSM6lf7sSY_V3AI0eGAblufywXT_ug']
PDTLSZ,PDTLSZ,PDTLSZ@gmail.com,PDTLSZ,University of Alabama at Birmingham,2018,Highschool,['biotechnology'],4,['https://static1.squarespace.com/static/55198f1ce4b00c2cab3e5e30/t/5526d4c0e4b0930deae8978d/1428608208846/600x600%26text%3Dprofile+img.gif']
01L9ZL,01L9ZL,01L9ZL@gmail.com,01L9ZL,Amridge University,2019,Undergrad,['biotechnology'],7,['https://sguru.org/wp-content/uploads/2017/06/sexy-girl-dp.jpg']
DVRMWG,DVRMWG,DVRMWG@gmail.com,DVRMWG,University of Alabama at Birmingham,2020,Highschool,['journalism'],2,['https://cdn.imaginetricks.com/wp-content/uploads/2017/08/Lovely-Girls-Cool-Profile-Pictures.jpg']
Y4K2QY,Y4K2QY,Y4K2QY@gmail.com,Y4K2QY,University of Alabama at Birmingham,2019,PhD,['management'],6,['https://encrypted-tbn0.gstatic.com/images?q=tbn:ANd9GcTcRZyhoIa_nPHxYVJrZBC0cSM6lf7sSY_V3AI0eGAblufywXT_ug']
LENG95,LENG95,LENG95@gmail.com,LENG95,University of Alabama at Birmingham,2018,Highschool,['chemistry'],10,['http://kb4images.com/images/girls-profile-pictures/36688496-girls-profile-pictures-small.jpg']
5M2EDV,5M2EDV,5M2EDV@gmail.com,5M2EDV,University of Alabama at Huntsville,2019,Highschool,['anthropology'],2,['http://bluesky-tourism.com/img/profile/photo3.jpg']
WB5SK1,WB5SK1,WB5SK1@gmail.com,WB5SK1,University of Alabama at Birmingham,2020,PhD,['philosophy'],2,['https://4.bp.blogspot.com/-WhG1-sNmrqQ/WkaZ0UXTu4I/AAAAAAAAG1w/rn4ezeF-Ms8AxYi3ckyJARdluWVdJrg_gCLcBGAs/s1600/Cool-Girls-Images-for-Facebook.jpg']
RJIZ38,RJIZ38,RJIZ38@gmail.com,RJIZ38,University of Alabama at Birmingham,2018,Highschool,['civil engineering'],7,['https://encrypted-tbn0.gstatic.com/images?q=tbn:ANd9GcTcRZyhoIa_nPHxYVJrZBC0cSM6lf7sSY_V3AI0eGAblufywXT_ug']
2ELKQU,2ELKQU,2ELKQU@gmail.com,2ELKQU,University of Alabama at Birmingham,2018,PhD,['anthropology'],8,['https://cdn.imaginetricks.com/wp-content/uploads/2017/08/Lovely-Girls-Cool-Profile-Pictures.jpg']
1GIKRU,1GIKRU,1GIKRU@gmail.com,1GIKRU,University of Alabama at Birmingham,2018,Graduate,['statistics'],5,['https://www.google.com/url?sa=i&rct=j&q=&esrc=s&source=images&cd=&ved=2ahUKEwjYjJv0mMLbAhWjtlkKHT_FAPQQjRx6BAgBEAU&url=http%3A%2F%2Fwww.concordrusam.com%2Fen%2Fblog%2Ftestimonial%2Falex-matthew%2F&psig=AOvVaw1mX6vij-7hyeXyziLwIsXS&ust=1528482953750221']
VWJ6XV,VWJ6XV,VWJ6XV@gmail.com,VWJ6XV,University of Alabama at Huntsville,2019,Highschool,['marketing'],1,['https://www.google.com/url?sa=i&rct=j&q=&esrc=s&source=images&cd=&cad=rja&uact=8&ved=2ahUKEwirsqrumMLbAhVux1kKHWq7CpoQjRx6BAgBEAU&url=https%3A%2F%2Fwww.ziglar.com%2Fmichelle-prince%2F&psig=AOvVaw1mX6vij-7hyeXyziLwIsXS&ust=1528482953750221']
O63970,O63970,O63970@gmail.com,O63970,University of Alabama at Birmingham,2019,Highschool,['geography'],1,['https://www.historicacanada.ca/sites/default/files/staff_davida_detail_0.png']
U5SW82,U5SW82,U5SW82@gmail.com,U5SW82,University of Alabama at Birmingham,2019,Highschool,['computer engineering'],7,['https://static1.squarespace.com/static/55198f1ce4b00c2cab3e5e30/t/5526d4c0e4b0930deae8978d/1428608208846/600x600%26text%3Dprofile+img.gif']
7Y9KPC,7Y9KPC,7Y9KPC@gmail.com,7Y9KPC,University of Alabama at Birmingham,2020,PhD,['accounting'],3,['https://cdn.imaginetricks.com/wp-content/uploads/2017/08/Lovely-Girls-Cool-Profile-Pictures.jpg']
IASA23,IASA23,IASA23@gmail.com,IASA23,University of Alabama at Huntsville,2020,Graduate,['biochemistry'],6,['https://encrypted-tbn0.gstatic.com/images?q=tbn:ANd9GcSe0BO61_PDZk-c9JdW6ma7lShUNPYXddGkTUeAsNJzRm-BcvlT']
FOM5SW,FOM5SW,FOM5SW@gmail.com,FOM5SW,University of Alabama at Birmingham,2020,Highschool,['psychology'],3,['https://static1.squarespace.com/static/55198f1ce4b00c2cab3e5e30/t/5526d4c0e4b0930deae8978d/1428608208846/600x600%26text%3Dprofile+img.gif']
QB4743,QB4743,QB4743@gmail.com,QB4743,University of Alabama at Birmingham,2018,Graduate,['electrical engineering'],6,['https://www.historicacanada.ca/sites/default/files/staff_davida_detail_0.png']
6HNS0S,6HNS0S,6HNS0S@gmail.com,6HNS0S,University of Alabama at Birmingham,2021,Highschool,['telecommunications'],8,['http://kb4images.com/images/girls-profile-pictures/36688496-girls-profile-pictures-small.jpg']
EP1IM2,EP1IM2,EP1IM2@gmail.com,EP1IM2,University of Alabama at Birmingham,2021,Graduate,['mechanical engineering'],1,['http://kb4images.com/images/girls-profile-pictures/36688496-girls-profile-pictures-small.jpg']
SP0FRR,SP0FRR,SP0FRR@gmail.com,SP0FRR,University of Alabama at Birmingham,2020,PhD,['chemistry'],3,['https://4.bp.blogspot.com/-WhG1-sNmrqQ/WkaZ0UXTu4I/AAAAAAAAG1w/rn4ezeF-Ms8AxYi3ckyJARdluWVdJrg_gCLcBGAs/s1600/Cool-Girls-Images-for-Facebook.jpg']
ZTU9PK,ZTU9PK,ZTU9PK@gmail.com,ZTU9PK,University of Alabama at Birmingham,2021,Undergrad,['biophysics'],1,['https://www.google.com/url?sa=i&rct=j&q=&esrc=s&source=images&cd=&ved=2ahUKEwjYjJv0mMLbAhWjtlkKHT_FAPQQjRx6BAgBEAU&url=http%3A%2F%2Fwww.concordrusam.com%2Fen%2Fblog%2Ftestimonial%2Falex-matthew%2F&psig=AOvVaw1mX6vij-7hyeXyziLwIsXS&ust=1528482953750221']
46VYM5,46VYM5,46VYM5@gmail.com,46VYM5,University of Alabama at Birmingham,2020,PhD,['geography'],10,['http://kb4images.com/images/girls-profile-pictures/36688496-girls-profile-pictures-small.jpg']
ZQPSD8,ZQPSD8,ZQPSD8@gmail.com,ZQPSD8,University of Alabama at Birmingham,2020,PhD,['mathematics'],7,['https://encrypted-tbn0.gstatic.com/images?q=tbn:ANd9GcTcRZyhoIa_nPHxYVJrZBC0cSM6lf7sSY_V3AI0eGAblufywXT_ug']
4B3Z4S,4B3Z4S,4B3Z4S@gmail.com,4B3Z4S,University of Alabama at Birmingham,2021,PhD,['hotel management'],2,['https://sguru.org/wp-content/uploads/2017/06/sexy-girl-dp.jpg']
LQ8POB,LQ8POB,LQ8POB@gmail.com,LQ8POB,University of Alabama at Birmingham,2020,Highschool,['industrial engineering'],9,['https://encrypted-tbn0.gstatic.com/images?q=tbn:ANd9GcSe0BO61_PDZk-c9JdW6ma7lShUNPYXddGkTUeAsNJzRm-BcvlT']
I0NK0C,I0NK0C,I0NK0C@gmail.com,I0NK0C,Alabama A & M University,2021,PhD,['biochemistry'],0,['https://encrypted-tbn0.gstatic.com/images?q=tbn:ANd9GcSe0BO61_PDZk-c9JdW6ma7lShUNPYXddGkTUeAsNJzRm-BcvlT']
F6TU7H,F6TU7H,F6TU7H@gmail.com,F6TU7H,University of Alabama at Birmingham,2021,PhD,['media studies'],9,['https://www.historicacanada.ca/sites/default/files/staff_davida_detail_0.png']
NM47K0,NM47K0,NM47K0@gmail.com,NM47K0,University of Alabama at Birmingham,2020,PhD,['hotel management'],6,['https://www.google.com/url?sa=i&rct=j&q=&esrc=s&source=images&cd=&ved=2ahUKEwjYjJv0mMLbAhWjtlkKHT_FAPQQjRx6BAgBEAU&url=http%3A%2F%2Fwww.concordrusam.com%2Fen%2Fblog%2Ftestimonial%2Falex-matthew%2F&psig=AOvVaw1mX6vij-7hyeXyziLwIsXS&ust=1528482953750221']
Y09WSI,Y09WSI,Y09WSI@gmail.com,Y09WSI,University of Alabama at Birmingham,2021,Graduate,['industrial engineering'],7,['https://www.historicacanada.ca/sites/default/files/staff_davida_detail_0.png']
ARPIOA,ARPIOA,ARPIOA@gmail.com,ARPIOA,University of Alabama at Birmingham,2020,Undergrad,['economics'],6,['https://encrypted-tbn0.gstatic.com/images?q=tbn:ANd9GcSe0BO61_PDZk-c9JdW6ma7lShUNPYXddGkTUeAsNJzRm-BcvlT']
DBHWSB,DBHWSB,DBHWSB@gmail.com,DBHWSB,University of Alabama at Huntsville,2018,Graduate,['fiance'],7,['https://cdn.imaginetricks.com/wp-content/uploads/2017/08/Lovely-Girls-Cool-Profile-Pictures.jpg']
G8O4C4,G8O4C4,G8O4C4@gmail.com,G8O4C4,University of Alabama at Birmingham,2019,PhD,['philosophy'],1,['https://encrypted-tbn0.gstatic.com/images?q=tbn:ANd9GcSe0BO61_PDZk-c9JdW6ma7lShUNPYXddGkTUeAsNJzRm-BcvlT']
2IBV2F,2IBV2F,2IBV2F@gmail.com,2IBV2F,University of Alabama at Birmingham,2019,Highschool,['biology'],7,['https://www.historicacanada.ca/sites/default/files/staff_davida_detail_0.png']
5AD8VI,5AD8VI,5AD8VI@gmail.com,5AD8VI,University of Alabama at Birmingham,2018,PhD,['biology'],2,['https://static1.squarespace.com/static/55198f1ce4b00c2cab3e5e30/t/5526d4c0e4b0930deae8978d/1428608208846/600x600%26text%3Dprofile+img.gif']
JZBLG0,JZBLG0,JZBLG0@gmail.com,JZBLG0,University of Alabama at Birmingham,2019,Undergrad,['graphic design and photography'],1,['https://www.google.com/url?sa=i&rct=j&q=&esrc=s&source=images&cd=&ved=2ahUKEwjYjJv0mMLbAhWjtlkKHT_FAPQQjRx6BAgBEAU&url=http%3A%2F%2Fwww.concordrusam.com%2Fen%2Fblog%2Ftestimonial%2Falex-matthew%2F&psig=AOvVaw1mX6vij-7hyeXyziLwIsXS&ust=1528482953750221']
84D8GD,84D8GD,84D8GD@gmail.com,84D8GD,Community College of the Air Force,2020,Highschool,['information technologies'],10,['https://sguru.org/wp-content/uploads/2017/06/sexy-girl-dp.jpg']
K8TNAF,K8TNAF,K8TNAF@gmail.com,K8TNAF,University of Alabama at Birmingham,2018,Graduate,['telecommunications'],8,['https://www.google.com/url?sa=i&rct=j&q=&esrc=s&source=images&cd=&cad=rja&uact=8&ved=2ahUKEwirsqrumMLbAhVux1kKHWq7CpoQjRx6BAgBEAU&url=https%3A%2F%2Fwww.ziglar.com%2Fmichelle-prince%2F&psig=AOvVaw1mX6vij-7hyeXyziLwIsXS&ust=1528482953750221']
PHI5I1,PHI5I1,PHI5I1@gmail.com,PHI5I1,University of Alabama at Birmingham,2021,Undergrad,['architecture '],2,['https://static1.squarespace.com/static/55198f1ce4b00c2cab3e5e30/t/5526d4c0e4b0930deae8978d/1428608208846/600x600%26text%3Dprofile+img.gif']
OQYO8C,OQYO8C,OQYO8C@gmail.com,OQYO8C,University of Alabama at Huntsville,2019,Graduate,['fiance'],6,['https://i2.wp.com/tricksmaze.com/wp-content/uploads/2017/10/Stylish-Girls-Profile-Pictures-1.png?resize=300%2C300&ssl=1']
NV5FHZ,NV5FHZ,NV5FHZ@gmail.com,NV5FHZ,University of Alabama at Birmingham,2018,Highschool,['anthropology'],1,['https://www.google.com/url?sa=i&rct=j&q=&esrc=s&source=images&cd=&ved=2ahUKEwjYjJv0mMLbAhWjtlkKHT_FAPQQjRx6BAgBEAU&url=http%3A%2F%2Fwww.concordrusam.com%2Fen%2Fblog%2Ftestimonial%2Falex-matthew%2F&psig=AOvVaw1mX6vij-7hyeXyziLwIsXS&ust=1528482953750221']
2S0K69,2S0K69,2S0K69@gmail.com,2S0K69,University of Alabama at Birmingham,2021,Undergrad,['biochemistry'],5,['https://static1.squarespace.com/static/55198f1ce4b00c2cab3e5e30/t/5526d4c0e4b0930deae8978d/1428608208846/600x600%26text%3Dprofile+img.gif']
WKRFPG,WKRFPG,WKRFPG@gmail.com,WKRFPG,Amridge University,2019,PhD,['studio art'],1,['https://static1.squarespace.com/static/55198f1ce4b00c2cab3e5e30/t/5526d4c0e4b0930deae8978d/1428608208846/600x600%26text%3Dprofile+img.gif']
O0PTUI,O0PTUI,O0PTUI@gmail.com,O0PTUI,University of Alabama at Birmingham,2018,PhD,['journalism'],1,['https://encrypted-tbn0.gstatic.com/images?q=tbn:ANd9GcTcRZyhoIa_nPHxYVJrZBC0cSM6lf7sSY_V3AI0eGAblufywXT_ug']
HUGAI7,HUGAI7,HUGAI7@gmail.com,HUGAI7,University of Alabama at Birmingham,2020,PhD,['marketing'],6,"['data:image/jpeg;base64,/9j/4AAQSkZJRgABAQAAAQABAAD/2wCEAAkGBxMREBMSEhISFRUVFRUVFRUVEhAVFRUQFRUXFhUVFRUYHSggGBolGxUVITEhJSkrLi4uFx8zODMtNygtLisBCgoKDg0OGxAQFy0fHR8tLS0tLS0tLS0tLS0rLS0tLS0tLS0tLS0tLS0tLS0rLS0tLS0tKystLS0tLS0tLS0rN//AABEIAOIA3wMBIgACEQEDEQH/xAAcAAACAgMBAQAAAAAAAAAAAAAFBgMEAAIHAQj/xAA9EAABAwIEAwUFBgUDBQAAAAABAAIDBBEFEiExBkFREyJhcZEygaGxwQcUQmLR8BUjUnLhkrLxJDNzgtL/xAAaAQADAQEBAQAAAAAAAAAAAAACAwQBBQAG/8QAKxEAAgICAgIABAUFAAAAAAAAAAECEQMhEjEEQSIyUXEFEzNhkRQjQoHR/9oADAMBAAIRAxEAPwAAcdkPIq3TYnIVHVUrI1Xp577JMpJGMKffX9VLFUPJ3Vamgc86Jlw7CABc7oFJvoxIuYY0lmq0kZZyJwxgD3IbOe8iYaPWBTtVdjlKHLEzSW6rVZ2UoKgrNgtswMYe7uq1a6F4ZVstbM2/mFcFYwmwc0+8IRpDXUOYaJZrYJ4TdpuOicA5aSwhw1CCUL6NsR4eJpGHvAplwji5jiATY+Ko4tw+H3IGqUq6gkhOoNuqUpTg9mM7VFM2Rt0JxLDWuvolbhHHzlyvOo09ybX17Tz+KfyUkYhUmtG+xRKmYHBDeKIszS5m4S9hvEbozZ/qppQpm2E8eo8puhMEuV4J5IxVYgJ2aJdqdCp2visancToFFjbMg1CAY5Ute64S7TRlxAufVGH4a5rMysk1OGhUdSKMjrKjWWcFZqjoqV9FKlQ5s0pQrE2qhg3VmJtytMy9ACarc83J+KIYXyVGkw97tmlHcPwp/RW8b7I2HsOnYwa2V84yOSDswpysR4S5NSoG2MNFVZwq1UO8pMOpywLSsOqxho0apmqBpS9xFxW2G8cNnSbE7tb+pQhBzEcSZCO8R9fRLNXjElQbM7rf36lKr6p8ji57iTzuVdoqnXRFQaiNUbBHHcv8dUJqMacz2dr7hS01SDtY+J19Lq/BQtnuHXPjoAsk6DSsioOLRoHueOlk0UONggd7MPG2b/KT6/g99yWe5AarDaiB1xceqHmmF+W16O1QTNeNCCpZsKZK06D4Lj2G8STQkZzddR4T4jbOAL6/FbVgNC7i3Dr6dxkiGnMfohzMWdcC5FvNdangD26hIHE/DOpewWO/mk5MdLQKJ6K0rLEpcx/ACy7mhV6TEpKd2Vw2TdR1zZ40CakqZtCfgMnIqXE4NSQsmg7Kc22ui0lNnakT7NTpi7Tuym/ROlDO2SL3JRqochVzCaq1wtxz4sKSK2Jx2Lh4oQHI7ijOfVAnixXgjdinpJNVWB0XtHuURmR6H+kwtjQBYK9DTNHRKT+KAvIuJiTouiSjuIWjotTl8EpuxxxHNafxR56rDOSG10g5IViD9VVw2oc46rTierEMLpDvs0dXHZY2ati5xVxGWAwxGziO+4cgfwjxSUCSf3uvZpCXEnUk3JPMnmsBt5rUqGIlcbaD9+alilyqk99vP5KNj9V4NsZ6J5cR4p/4Zohpfouf4AbuAXTsI0AU2ae6KcUdWMsUDSNlWrcHY8atCsUpur+TRBSYVtHPMd4MY9psPf0SPSyS4fVNve19OhG1vBd3dBfRI32h8N9pA57G95veHmOS2LcX+xkql9x1wetbNAyRpu17QR+nuXlSwG4KQ/shxkvY+mcToM7PDYOb9fVPk5squ0RtUxM4lwMOBIGqX8FkdE4sd1XRahocECr8IB1CRLFu0eYBxxmzwrODVzSMpVXEZcoyuS3JK5jrtKn9nrGnHIAdQltryx1wrUOIl1rrWpYCLhCw07RZ7btGoVUx2KtUstjZSy0+YobphRBltFJTDVSVEWVRQpiMyBOLhxX6Th0Ao797YOYXn8SYDuF0SYhZgjQNlIzCh0Vj+JNtuo3Ym1YZomhow3ZIn2mV1nxwg7DO75D6p1ixEErlnG0xdWyE9G28rXCz2FEDNKyRy1j6qOV/wCpRexq0jR7l7GtBqj+A4KZSCfZWTkorZ6EXJ6CnCtMSQbadV0mnmZCwOlcGjl1PgEDo6YQsGVuvIeKmIa3+ZL3nG2/LwAULlylZeo0qQYk4yiZoyN7vGxAVih4tzmxbb4oU2saRZz4GdA94zeg2VKe7DcWIvplIc0jwP0RytegYxTdWdGhqQ5t0Gx7HWxDLkz30/5W3Dj+0YgVfVB8zmlzGhrrEvcGi45LE2zHFJiZgU/3PFGloLWSONgfzfh9fmuzVABFxsdR5Fct+0CUCGGQFhcyVmVzXBw5m1/cujYHUdrSxP8A6m/C5t8LKiDtE2VUynXOLRdKVbxCWEixITxWw5ggT+H2vJJCNCmIuI1ZlNwCFQjF3WKf5cAax2yzEOHWuZdoF/qkzgn0YJMkAFiF7E7kV5iMT4nFrlBFKpZIOLJ3xkG6mbIQFvGbhV5nJOSNoYnRvkz7qeCINVOmfqre6W5NKg409gh1VMeq2h7YkXunpmDs6BSNw5g5LusiFymp5SOasNw556pphgaApg1qwChcpcPc3U9EgcbMtVH8zGO8hawHoAux2auQ/aBTubWOvbK4CxHQAafFZ7DSF4nRVXm5RCjonTODGkDQm7jYWCr1VE+J5a4a9RqD5FapK6vY5xdXWjaijuQup8N0gEbVznCoe8LrqeC2EbfJS+SP8dF+WlJHdCVOI6CrNi1ptrsdf8J8pHonHCx24SYOiiStUcj4YwySKcPljEjbOBaS2xJFrkkHROFNgR7QvaAyN28QBLc39TSTofdqnOPCI9w1voFadThrU9yk1sTFRi9ArDGdigHG/B/3h33uB9ja0kZaHt/vaDt4o7LIXXyjQbohQYgy2UkX2IS8cqYeSFq0cf4yw8tDZTG1kXdacpveTWzyAABfZdN4ScG0FO07iMXRKuwWCohfG5oLHixFtjuCOhB1SXPPLA4xa9zu+mxRzzflr4ieUU+hwnmHVVm4g0c0ovr5XKlUyP6lJ/rI2A4DZi2JstdUBj7RGUplzjuSsNPcHdNWaD6YLTKeK14mebDmht7FTSsyvst5ogW3Sm9hUT0sq1qeqpU8ttFbe4EIJoK7R5S7onGxC6M6ozGFPI2L0SycTADdVncR3UH8AViHh5dyyUt0+MkhSDFHeKsUeDADZXmYSOiwBpg6HEHkhUeL8J+8QF4F3tFx52/wmZmGAclpXx5Y3W6H4BCw4nLOH6dj5je+XQAbXIFyCt64tD3AHPr7gR0PNe4REQ8tAuXOzNB2Lhu0+4o07AA91g8ZnXNyLf8Arl5WU0pVO2dKC5Q0BIKNzSHOG+tugTphc/cAQh1M9oySts4aAjZwGxCuYfolSnyGRhxGSnqbIxSVaWoiiMDkF0NpNDbT1a9qagkWCAwTFXYqwNvc++6NSsS4JO0LuKmoyyRMLo3G+WQNzAX5+ap8P4VURvIfM99xoX6i/XqEfxHiCnZzzHo22nmeSo0vFTL6x/2kH5rKS1ZVDDlmrjEbcKD4owyRwc7ckCw15AdFHiGHtkcXWFz9FBR4q2dlwLOabEXvoeamlrAwAHmnJKWn0c/PBxu9MGT4Q0bBUJcMR2ataRyS5X4yGOQT8fExCkyKXCB0VWXDwBotKriIW5oNLxCc3Oyly+K47izVNPsgxPDiDdDZLgWKPtxVj91HV0zXtuLJcMko6kbxXoW4G3crc0RaFTqQ6N97K4KjO1UylqwY/ua0L9UchOiXqZtijlIdEjIjyY0PnYOi8FYwJHdWSk81u10p6rtsnHqGvb1U/wDEG9UnYfBIeqI/c39SsBbD5xIdVDUy5mnxBQtmHuV+OOw9yFmpiFXUh7KRzdHMeS0je7eiu4BxOyUs7YWe38QGh8+izFn9kya3Mut5nRJVIcr0uWNSWyrHkcGdPxyvgdH3SC4eyQDcm4PePhshtHKqFAQ4KxbIfBSNUXJ2tDJSORGNL1JUorDU3S2ErCkcgUGJ4e2oblc57RfdjspVdkmqIRtvsiizz0wVDgMcQs0ZvF/eJViKnh0zQMuNiGo7TUYcNVcjwmK+t/8AVb5I6foavLlFU2VMLpGi8gblvYWGgtbp1V+toQ9vjZbTyRsGVpvztfovIau9i7fp0TVJLshy3kfIX6igkjNje3iqc1CHbjVPYcHWuARuL62VbF6YSRkADMPZIsDfpdLliT2mI4tCJDgzXHUL2u4SY5psFNLVmCQtkBa4bg7ohT44wjcJuPqpC2cxxbDXwOsduRUVJiTmaO2TNxnVNe3S10n9nmCXPHF6Zsb9BZ7mSqEQZUKjkdGUagfnbdTThx+xt2R0zNUUpdAgz3FrkUppdEMkeTGODCG9FbbhjR0QU8StHMeqjfxQF2hA0U1I0K0YmpOp+JLlWH4049VgLYzWaqtURbRL4xR3irdNUF+6xmpivxeQGW/qePhqUmzaOFuqc+NYyWNI5E+tkkwtJdr10WLocNOBv1R6aC4QbAYrEJkfHpooMvzHRw9AjIW7FTw1ZG6kmjUBASx6D2FUc1RqwBrdszja5G+UblFocKkBIFTHccixwt8UqU1fJGAGuNhsOl1I6ule+4JubaX5jRFoFpjoIaiMZrB7esZJP+ndBcS4lcXCJpILjY30IHPxClwniV8buzlFnN0IvqmCKtgmIc6ONx5FzWlw99lv+wLa7VizRVrpnizXBrL300uNA0Hr9EeoyRur1UGu9kAeWyqtjssSBlLl6oM07rgKchUqQ6K6E+L0IkqF7jDh11WwOjdlkjBsCNHt3y35HouYzUssftBwXcglnE8NZJm0GpPzRODkiea9nLJmXbckofHoUzcRYT2IJb6JdpBmNkp2lsPGVa1t0YwBt2qvU0hvqrNMzJsk5Zco0bjW9kWKgNep6EZlrXw3Fzup8KbZqB/IenGmQR4ISpxgvgmiOZg5hauqWdQuwSAmgwXXZGWYSOi3grWdQrJr2rwLRAMLHReSUmXYKV2JNQvFsbs0hmruvT/KOGKWR1E3RRxilD2lh5i4636pagwZsYudXdeQ8Am/DaWMwZm3Lne25xu8v536eSrT0Khy5HGTj9Do4sC42wZQsy6o3G8EIf2RapoXKWbt2VwjSLEjFSkjV8G4WhCENFNsKMYNS63sq0ICM0sga255C/oiQMno5/i9deunF7WlLb9LWAPlyRvCK9wFydtL3XOn1xdUSSf1SOPmC46eicMImbZwcbaAgWvc/qqsuP4SbDkTezomH4nm0KLNaCLgrnmGVTg0HW2/kL7FM1BiR0Cmuhrj9BppXCyvRuFkMpToPFXY06LETiTOdYE9AT6C65q/iYna66JWg9k+3NpHqLfVJ0XD7RyT4WTTFLF8TdMLWKrYdT5Rcp1qOHGkbIDi1MYmkW96V5EXxBg6YuYhWXdYW0W9FNmQisacxVzCn6WKQ4LiMj2X6qS+it0UZyXVDLcorhriRlA1QcRqipdgL7zMeq2b2x6pxjw9g6KVtIwdF1yAUqWCa4uSi/3Z4HecQisr2M9ltz8AqLnlx9oHwuFXg8Rz3LSBeyi822PqqFW/3fr5c0QqBrob/L1VGVg3Ov08vBdfHjjCNRMN8AxDsZe8e47R3h0d5hOU9N5eBSBMyxuNk48K13aw9m7V0fXnGdvTZcX8W8TX5sV9y7xMtPiyKpp+iHPbbkmKqh6IZJAvnzoplZjtF4969fEtCx3ReCJWSLXFa3LC8A/hPyUeU3VXFWF0brdDZFHsGe0c0vY/vqmOjnyta7XkHHw5H1QCZlj6hEsJfmYWnndv6LpvaOZHToa4ZXAEA6HvAcro9gc4cPEH1B29NQlTC5iYmHm12U+IRnh6S0rmedlNkjplcZHTcNmGQIlG4JYoJjlRamnOiTGRs4hWUFzHNG/LzS3V4l2bi1wII3BR6mqe8oOKsME0RcB32C4PMjm1U45EeWLTF92NiyC4tOJQR1UC9yp7gmItgc4WCeSs0+FNHRXHBeg2WLHH6GcmVTRhq2pe469lOXXWjhZbwijeTBjMZJRTBKeetcWxHJG02fMRex5sjH4ndTsPFKuC0DppGRtOrjv0HM+5dpwmlZDEyKMWa0WH1J6knVBLJxWuxmPHy2yjScE0oH8xr5TzdLI43P8AaLNHuCjqfs+ozcxtkid1jebe9rrgpljU4QRyzu7Y1pI5XjGCTUxPaWfHylaNh0ePwnx2QeaFdlmZcEHY7pK4g4Yy3kpx4ui6+Mf/AM+i6ni/iW+GX+f+i5Yb3E57K7KdR5+StYVVmCVsjdW7HxYdx++imqIQ4IRC7spOzd7L/ZPQ9F1ppTVPaYhWmdUEQc0OBuCLg9QdlDJSJPpuK3UbWRvj7SPWxDrObzsL6HdM2E8TUtTYNlDXn8ElmOv4X0PuXyPkeNLFNxro6WPKpLvZpUUHMLyGm01CNvICrvA3CkcaHqTAr6W50VbFomNjOYhrRuSQLBTY5jcdKLuN3H2Wi2Z1lzTHcZkqnXebNHssGw/Up2HC579C8uZRBmJTNdJ3PZvoTzXtC/KCehBVR51UzHWYfEhdDjSohUm5Wxjwl/8A3B5O+OvyR/CR/PjcOYIPuCVcIktIL8wQfmmzhxuaQflb8VPl0mVY90PNC1FYmobSIvCNFHEdInpWfzB5os7ZDaQd8HzRElUQ6Jcm2cqxZ2SaRg/C9w919FS+8FGuJIgKqXTd1/UBDg0dFWuiOXZTMpXjpiiBjBUE8WiKzCm17ipmhxUtMzqrYAXjwO+z2EZnyHkA0e/U/RdHgm8VzngiXLCfFx+icIKlQZX8RdiXwjJFMrTXoBT1CJQzrFIKUS/a6ilhuvWPUoR9i9oSeJOFy4mWC2Y+2zYPP9Q6O+aQMUpM7SLWe07EWLXjkV3RzEqcVcOCb+bHYSga7fzG/wBLvHoV0/D854/7eTcfr9AJwU9rs5VUs7anv+Jovb8zd/qlyQc01wDK+WMi3e28TofqlqRliR5/NVebFWpL2TovYXxLUw2DZHFo/C/vC3hfUJ1wHisVJ7Mxlr8pOhuyw38QuZEWKbvs+i/mTPOwY1o83Ek/7QuTnxw4uVbKsM5ckkzfjGnMgzf07eCSiV1DEYQ69+a59jNCY3k20v8AspXjZP8AFjvJx38SArx3lLzaPesy6rIjd11WyNBGjdZ4Pj9E98JM9p3Ugen/ACkOnG375LovC7LQtPW5+Kk8h/CW4BxoxdFIUMoEViU0Rki1TaOVsuVSE6qcuTl0TyVs59xZNlqpB/afggwqkb4raDUv8m/JBHRjoq49Ijn2zb7ysNRcLfs9Fr2KIEjZMVahYXKExK7RPstR4DYAckEfjc/Eo9T1SBU7bU8Xg0fHVbxVFiudk+Y6OJfChrgqUTpqpKdNVIlS1Pil2NoboKhW45Ut09UidPOmKQuUAwHLSRt1DHLdS5ky7FVRzL7QMFMUwqmDuyENk8Hj2SfMfELmMj7uv4n5r6UraVkrHRvALXAgjqCuB8ZcOPoJ8hu6NxJifbQtv7J/MP8AKth5DlBQl6FTju0AZRqnzgmHLSl/9bz6N0SNNyXT8FpezooG88gcfN/e+qn8t1ChnjK5msjboXi+GCRhFuSNNC9qIbjzUMXR0GrWzkFXAWFwPLQeXVQ0o1ThxRgZDC8DUanxHNKUWi6WPIpRs5uSHGRehdt7/kuqYDDljYPyj5LlVFHnfG0c3gfFdhw4WFlN5L6RT460wxSCyKRFDqZqIxJEQ5E8alzKJq9BTUKaEDiap/6qTwIHoAhBqlfxxuapmP5z8NPoqJhsrofKiCXbPTWaLG1RWNiW+RECRvqStWVDgpwxbdisPFOCUGGP+wetlXcELw+u7gjJ1Hs+I6K7DUh2nMKLLBpnQxSTRfhltzV+nqUHBUkUlikND0NNNVItS1KUKepRSkqkN0bQ3U9Qr0cqWqaoRWCZHGQuUQsHKhjmDxVcLoZm3adj+JruTmnkVNHIrDXJiYto4DxLw1LSTtheC4PcBHIBo8E29zuoXSqyHIwN5NAHoLJsrqKOZobIwOAc1wuNntNw4dCLIHjtI4MJtcAHX9V7LJySTCwpRYtQuuUTY0aXQKmnAaXOIAGtztZA8a4nc+7IbtbsXbOd5dAs8fx55nS/kbmyKC2TcbY60AxRkF34jyHh4lIDNSrlW0kKrGNfJdGWFYtIgeRzew5wjT56pn5Mz/TQfNdXoYtlz/7O6a4kkPMhg93ePzC6RQtXNzu5luJVAI07bK9GqsQU7FiMZZatwFHCVNdMQDZy7EasdtJ/5H/7ioDUBZPDeR56ucfVxWvYK5dHPfZIycLHTBeNiXj4lph62damqPRbthUggC8eOdVZ2/fNFYD7B5rxYg8n5YlGDthePZSNWLFzmWomi3RKlKxYgY30GKQotTlYsXkAwlAVcYvViahciReELFiJizjn2gNDZS1os3OdBoPQJPCxYu14H6KE+R85pU7KiNisWL3lC4nQvs/H/Sj+93zTxSrFi4GT52dKP6a+wUhVhi9WIkAyeBSSbHyPyWLEyItnMv1K1csWK5EDPWrCsWLTD0LYLFi8eP/Z']"
LP5LEC,LP5LEC,LP5LEC@gmail.com,LP5LEC,Alabama A & M University,2021,Graduate,['economics'],9,['https://www.google.com/url?sa=i&rct=j&q=&esrc=s&source=images&cd=&ved=2ahUKEwjYjJv0mMLbAhWjtlkKHT_FAPQQjRx6BAgBEAU&url=http%3A%2F%2Fwww.concordrusam.com%2Fen%2Fblog%2Ftestimonial%2Falex-matthew%2F&psig=AOvVaw1mX6vij-7hyeXyziLwIsXS&ust=1528482953750221']
WCNDJB,WCNDJB,WCNDJB@gmail.com,WCNDJB,University of Alabama at Birmingham,2020,PhD,['graphic design and photography'],3,['https://static1.squarespace.com/static/55198f1ce4b00c2cab3e5e30/t/5526d4c0e4b0930deae8978d/1428608208846/600x600%26text%3Dprofile+img.gif']
IMX12L,IMX12L,IMX12L@gmail.com,IMX12L,Amridge University,2019,Undergrad,['agriculture'],7,['https://sguru.org/wp-content/uploads/2017/06/sexy-girl-dp.jpg']
KEAK2A,KEAK2A,KEAK2A@gmail.com,KEAK2A,Amridge University,2019,Undergrad,['biochemistry'],8,['http://bluesky-tourism.com/img/profile/photo3.jpg']
ELFJER,ELFJER,ELFJER@gmail.com,ELFJER,Community College of the Air Force,2020,Graduate,['journalism'],9,['https://www.historicacanada.ca/sites/default/files/staff_davida_detail_0.png']
441TCP,441TCP,441TCP@gmail.com,441TCP,University of Alabama at Birmingham,2020,PhD,['biology'],10,['https://i2.wp.com/tricksmaze.com/wp-content/uploads/2017/10/Stylish-Girls-Profile-Pictures-1.png?resize=300%2C300&ssl=1']
VOMWLA,VOMWLA,VOMWLA@gmail.com,VOMWLA,University of Alabama at Birmingham,2019,Graduate,['philosophy'],6,['https://static1.squarespace.com/static/55198f1ce4b00c2cab3e5e30/t/5526d4c0e4b0930deae8978d/1428608208846/600x600%26text%3Dprofile+img.gif']
EHGOOX,EHGOOX,EHGOOX@gmail.com,EHGOOX,University of Alabama at Birmingham,2021,Graduate,['chemcial engineering'],8,['https://www.historicacanada.ca/sites/default/files/staff_davida_detail_0.png']
FYGHSV,FYGHSV,FYGHSV@gmail.com,FYGHSV,University of Alabama at Birmingham,2020,Undergrad,['geography'],1,['https://encrypted-tbn0.gstatic.com/images?q=tbn:ANd9GcTcRZyhoIa_nPHxYVJrZBC0cSM6lf7sSY_V3AI0eGAblufywXT_ug']
2CY5H6,2CY5H6,2CY5H6@gmail.com,2CY5H6,Alabama A & M University,2018,Highschool,['statistics'],9,['https://www.google.com/url?sa=i&rct=j&q=&esrc=s&source=images&cd=&cad=rja&uact=8&ved=2ahUKEwirsqrumMLbAhVux1kKHWq7CpoQjRx6BAgBEAU&url=https%3A%2F%2Fwww.ziglar.com%2Fmichelle-prince%2F&psig=AOvVaw1mX6vij-7hyeXyziLwIsXS&ust=1528482953750221']
D5LW0U,D5LW0U,D5LW0U@gmail.com,D5LW0U,University of Alabama at Birmingham,2021,Highschool,['mechanical engineering'],10,['https://i2.wp.com/tricksmaze.com/wp-content/uploads/2017/10/Stylish-Girls-Profile-Pictures-1.png?resize=300%2C300&ssl=1']
CFQSGC,CFQSGC,CFQSGC@gmail.com,CFQSGC,Alabama A & M University,2020,Graduate,['marketing'],5,['https://i2.wp.com/tricksmaze.com/wp-content/uploads/2017/10/Stylish-Girls-Profile-Pictures-1.png?resize=300%2C300&ssl=1']
NSRIC8,NSRIC8,NSRIC8@gmail.com,NSRIC8,University of Alabama at Birmingham,2021,PhD,['statistics'],0,['https://encrypted-tbn0.gstatic.com/images?q=tbn:ANd9GcTcRZyhoIa_nPHxYVJrZBC0cSM6lf7sSY_V3AI0eGAblufywXT_ug']
6FRDU7,6FRDU7,6FRDU7@gmail.com,6FRDU7,Community College of the Air Force,2019,Highschool,['biochemistry'],0,"['data:image/jpeg;base64,/9j/4AAQSkZJRgABAQAAAQABAAD/2wCEAAkGBxMREBMSEhISFRUVFRUVFRUVEhAVFRUQFRUXFhUVFRUYHSggGBolGxUVITEhJSkrLi4uFx8zODMtNygtLisBCgoKDg0OGxAQFy0fHR8tLS0tLS0tLS0tLS0rLS0tLS0tLS0tLS0tLS0tLS0rLS0tLS0tKystLS0tLS0tLS0rN//AABEIAOIA3wMBIgACEQEDEQH/xAAcAAACAgMBAQAAAAAAAAAAAAAFBgMEAAIHAQj/xAA9EAABAwIEAwUFBgUDBQAAAAABAAIDBBEFEiExBkFREyJhcZEygaGxwQcUQmLR8BUjUnLhkrLxJDNzgtL/xAAaAQADAQEBAQAAAAAAAAAAAAACAwQBBQAG/8QAKxEAAgICAgIABAUFAAAAAAAAAAECEQMhEjEEQSIyUXEFEzNhkRQjQoHR/9oADAMBAAIRAxEAPwAAcdkPIq3TYnIVHVUrI1Xp577JMpJGMKffX9VLFUPJ3Vamgc86Jlw7CABc7oFJvoxIuYY0lmq0kZZyJwxgD3IbOe8iYaPWBTtVdjlKHLEzSW6rVZ2UoKgrNgtswMYe7uq1a6F4ZVstbM2/mFcFYwmwc0+8IRpDXUOYaJZrYJ4TdpuOicA5aSwhw1CCUL6NsR4eJpGHvAplwji5jiATY+Ko4tw+H3IGqUq6gkhOoNuqUpTg9mM7VFM2Rt0JxLDWuvolbhHHzlyvOo09ybX17Tz+KfyUkYhUmtG+xRKmYHBDeKIszS5m4S9hvEbozZ/qppQpm2E8eo8puhMEuV4J5IxVYgJ2aJdqdCp2visancToFFjbMg1CAY5Ute64S7TRlxAufVGH4a5rMysk1OGhUdSKMjrKjWWcFZqjoqV9FKlQ5s0pQrE2qhg3VmJtytMy9ACarc83J+KIYXyVGkw97tmlHcPwp/RW8b7I2HsOnYwa2V84yOSDswpysR4S5NSoG2MNFVZwq1UO8pMOpywLSsOqxho0apmqBpS9xFxW2G8cNnSbE7tb+pQhBzEcSZCO8R9fRLNXjElQbM7rf36lKr6p8ji57iTzuVdoqnXRFQaiNUbBHHcv8dUJqMacz2dr7hS01SDtY+J19Lq/BQtnuHXPjoAsk6DSsioOLRoHueOlk0UONggd7MPG2b/KT6/g99yWe5AarDaiB1xceqHmmF+W16O1QTNeNCCpZsKZK06D4Lj2G8STQkZzddR4T4jbOAL6/FbVgNC7i3Dr6dxkiGnMfohzMWdcC5FvNdangD26hIHE/DOpewWO/mk5MdLQKJ6K0rLEpcx/ACy7mhV6TEpKd2Vw2TdR1zZ40CakqZtCfgMnIqXE4NSQsmg7Kc22ui0lNnakT7NTpi7Tuym/ROlDO2SL3JRqochVzCaq1wtxz4sKSK2Jx2Lh4oQHI7ijOfVAnixXgjdinpJNVWB0XtHuURmR6H+kwtjQBYK9DTNHRKT+KAvIuJiTouiSjuIWjotTl8EpuxxxHNafxR56rDOSG10g5IViD9VVw2oc46rTierEMLpDvs0dXHZY2ati5xVxGWAwxGziO+4cgfwjxSUCSf3uvZpCXEnUk3JPMnmsBt5rUqGIlcbaD9+alilyqk99vP5KNj9V4NsZ6J5cR4p/4Zohpfouf4AbuAXTsI0AU2ae6KcUdWMsUDSNlWrcHY8atCsUpur+TRBSYVtHPMd4MY9psPf0SPSyS4fVNve19OhG1vBd3dBfRI32h8N9pA57G95veHmOS2LcX+xkql9x1wetbNAyRpu17QR+nuXlSwG4KQ/shxkvY+mcToM7PDYOb9fVPk5squ0RtUxM4lwMOBIGqX8FkdE4sd1XRahocECr8IB1CRLFu0eYBxxmzwrODVzSMpVXEZcoyuS3JK5jrtKn9nrGnHIAdQltryx1wrUOIl1rrWpYCLhCw07RZ7btGoVUx2KtUstjZSy0+YobphRBltFJTDVSVEWVRQpiMyBOLhxX6Th0Ao797YOYXn8SYDuF0SYhZgjQNlIzCh0Vj+JNtuo3Ym1YZomhow3ZIn2mV1nxwg7DO75D6p1ixEErlnG0xdWyE9G28rXCz2FEDNKyRy1j6qOV/wCpRexq0jR7l7GtBqj+A4KZSCfZWTkorZ6EXJ6CnCtMSQbadV0mnmZCwOlcGjl1PgEDo6YQsGVuvIeKmIa3+ZL3nG2/LwAULlylZeo0qQYk4yiZoyN7vGxAVih4tzmxbb4oU2saRZz4GdA94zeg2VKe7DcWIvplIc0jwP0RytegYxTdWdGhqQ5t0Gx7HWxDLkz30/5W3Dj+0YgVfVB8zmlzGhrrEvcGi45LE2zHFJiZgU/3PFGloLWSONgfzfh9fmuzVABFxsdR5Fct+0CUCGGQFhcyVmVzXBw5m1/cujYHUdrSxP8A6m/C5t8LKiDtE2VUynXOLRdKVbxCWEixITxWw5ggT+H2vJJCNCmIuI1ZlNwCFQjF3WKf5cAax2yzEOHWuZdoF/qkzgn0YJMkAFiF7E7kV5iMT4nFrlBFKpZIOLJ3xkG6mbIQFvGbhV5nJOSNoYnRvkz7qeCINVOmfqre6W5NKg409gh1VMeq2h7YkXunpmDs6BSNw5g5LusiFymp5SOasNw556pphgaApg1qwChcpcPc3U9EgcbMtVH8zGO8hawHoAux2auQ/aBTubWOvbK4CxHQAafFZ7DSF4nRVXm5RCjonTODGkDQm7jYWCr1VE+J5a4a9RqD5FapK6vY5xdXWjaijuQup8N0gEbVznCoe8LrqeC2EbfJS+SP8dF+WlJHdCVOI6CrNi1ptrsdf8J8pHonHCx24SYOiiStUcj4YwySKcPljEjbOBaS2xJFrkkHROFNgR7QvaAyN28QBLc39TSTofdqnOPCI9w1voFadThrU9yk1sTFRi9ArDGdigHG/B/3h33uB9ja0kZaHt/vaDt4o7LIXXyjQbohQYgy2UkX2IS8cqYeSFq0cf4yw8tDZTG1kXdacpveTWzyAABfZdN4ScG0FO07iMXRKuwWCohfG5oLHixFtjuCOhB1SXPPLA4xa9zu+mxRzzflr4ieUU+hwnmHVVm4g0c0ovr5XKlUyP6lJ/rI2A4DZi2JstdUBj7RGUplzjuSsNPcHdNWaD6YLTKeK14mebDmht7FTSsyvst5ogW3Sm9hUT0sq1qeqpU8ttFbe4EIJoK7R5S7onGxC6M6ozGFPI2L0SycTADdVncR3UH8AViHh5dyyUt0+MkhSDFHeKsUeDADZXmYSOiwBpg6HEHkhUeL8J+8QF4F3tFx52/wmZmGAclpXx5Y3W6H4BCw4nLOH6dj5je+XQAbXIFyCt64tD3AHPr7gR0PNe4REQ8tAuXOzNB2Lhu0+4o07AA91g8ZnXNyLf8Arl5WU0pVO2dKC5Q0BIKNzSHOG+tugTphc/cAQh1M9oySts4aAjZwGxCuYfolSnyGRhxGSnqbIxSVaWoiiMDkF0NpNDbT1a9qagkWCAwTFXYqwNvc++6NSsS4JO0LuKmoyyRMLo3G+WQNzAX5+ap8P4VURvIfM99xoX6i/XqEfxHiCnZzzHo22nmeSo0vFTL6x/2kH5rKS1ZVDDlmrjEbcKD4owyRwc7ckCw15AdFHiGHtkcXWFz9FBR4q2dlwLOabEXvoeamlrAwAHmnJKWn0c/PBxu9MGT4Q0bBUJcMR2ataRyS5X4yGOQT8fExCkyKXCB0VWXDwBotKriIW5oNLxCc3Oyly+K47izVNPsgxPDiDdDZLgWKPtxVj91HV0zXtuLJcMko6kbxXoW4G3crc0RaFTqQ6N97K4KjO1UylqwY/ua0L9UchOiXqZtijlIdEjIjyY0PnYOi8FYwJHdWSk81u10p6rtsnHqGvb1U/wDEG9UnYfBIeqI/c39SsBbD5xIdVDUy5mnxBQtmHuV+OOw9yFmpiFXUh7KRzdHMeS0je7eiu4BxOyUs7YWe38QGh8+izFn9kya3Mut5nRJVIcr0uWNSWyrHkcGdPxyvgdH3SC4eyQDcm4PePhshtHKqFAQ4KxbIfBSNUXJ2tDJSORGNL1JUorDU3S2ErCkcgUGJ4e2oblc57RfdjspVdkmqIRtvsiizz0wVDgMcQs0ZvF/eJViKnh0zQMuNiGo7TUYcNVcjwmK+t/8AVb5I6foavLlFU2VMLpGi8gblvYWGgtbp1V+toQ9vjZbTyRsGVpvztfovIau9i7fp0TVJLshy3kfIX6igkjNje3iqc1CHbjVPYcHWuARuL62VbF6YSRkADMPZIsDfpdLliT2mI4tCJDgzXHUL2u4SY5psFNLVmCQtkBa4bg7ohT44wjcJuPqpC2cxxbDXwOsduRUVJiTmaO2TNxnVNe3S10n9nmCXPHF6Zsb9BZ7mSqEQZUKjkdGUagfnbdTThx+xt2R0zNUUpdAgz3FrkUppdEMkeTGODCG9FbbhjR0QU8StHMeqjfxQF2hA0U1I0K0YmpOp+JLlWH4049VgLYzWaqtURbRL4xR3irdNUF+6xmpivxeQGW/qePhqUmzaOFuqc+NYyWNI5E+tkkwtJdr10WLocNOBv1R6aC4QbAYrEJkfHpooMvzHRw9AjIW7FTw1ZG6kmjUBASx6D2FUc1RqwBrdszja5G+UblFocKkBIFTHccixwt8UqU1fJGAGuNhsOl1I6ule+4JubaX5jRFoFpjoIaiMZrB7esZJP+ndBcS4lcXCJpILjY30IHPxClwniV8buzlFnN0IvqmCKtgmIc6ONx5FzWlw99lv+wLa7VizRVrpnizXBrL300uNA0Hr9EeoyRur1UGu9kAeWyqtjssSBlLl6oM07rgKchUqQ6K6E+L0IkqF7jDh11WwOjdlkjBsCNHt3y35HouYzUssftBwXcglnE8NZJm0GpPzRODkiea9nLJmXbckofHoUzcRYT2IJb6JdpBmNkp2lsPGVa1t0YwBt2qvU0hvqrNMzJsk5Zco0bjW9kWKgNep6EZlrXw3Fzup8KbZqB/IenGmQR4ISpxgvgmiOZg5hauqWdQuwSAmgwXXZGWYSOi3grWdQrJr2rwLRAMLHReSUmXYKV2JNQvFsbs0hmruvT/KOGKWR1E3RRxilD2lh5i4636pagwZsYudXdeQ8Am/DaWMwZm3Lne25xu8v536eSrT0Khy5HGTj9Do4sC42wZQsy6o3G8EIf2RapoXKWbt2VwjSLEjFSkjV8G4WhCENFNsKMYNS63sq0ICM0sga255C/oiQMno5/i9deunF7WlLb9LWAPlyRvCK9wFydtL3XOn1xdUSSf1SOPmC46eicMImbZwcbaAgWvc/qqsuP4SbDkTezomH4nm0KLNaCLgrnmGVTg0HW2/kL7FM1BiR0Cmuhrj9BppXCyvRuFkMpToPFXY06LETiTOdYE9AT6C65q/iYna66JWg9k+3NpHqLfVJ0XD7RyT4WTTFLF8TdMLWKrYdT5Rcp1qOHGkbIDi1MYmkW96V5EXxBg6YuYhWXdYW0W9FNmQisacxVzCn6WKQ4LiMj2X6qS+it0UZyXVDLcorhriRlA1QcRqipdgL7zMeq2b2x6pxjw9g6KVtIwdF1yAUqWCa4uSi/3Z4HecQisr2M9ltz8AqLnlx9oHwuFXg8Rz3LSBeyi822PqqFW/3fr5c0QqBrob/L1VGVg3Ov08vBdfHjjCNRMN8AxDsZe8e47R3h0d5hOU9N5eBSBMyxuNk48K13aw9m7V0fXnGdvTZcX8W8TX5sV9y7xMtPiyKpp+iHPbbkmKqh6IZJAvnzoplZjtF4969fEtCx3ReCJWSLXFa3LC8A/hPyUeU3VXFWF0brdDZFHsGe0c0vY/vqmOjnyta7XkHHw5H1QCZlj6hEsJfmYWnndv6LpvaOZHToa4ZXAEA6HvAcro9gc4cPEH1B29NQlTC5iYmHm12U+IRnh6S0rmedlNkjplcZHTcNmGQIlG4JYoJjlRamnOiTGRs4hWUFzHNG/LzS3V4l2bi1wII3BR6mqe8oOKsME0RcB32C4PMjm1U45EeWLTF92NiyC4tOJQR1UC9yp7gmItgc4WCeSs0+FNHRXHBeg2WLHH6GcmVTRhq2pe469lOXXWjhZbwijeTBjMZJRTBKeetcWxHJG02fMRex5sjH4ndTsPFKuC0DppGRtOrjv0HM+5dpwmlZDEyKMWa0WH1J6knVBLJxWuxmPHy2yjScE0oH8xr5TzdLI43P8AaLNHuCjqfs+ozcxtkid1jebe9rrgpljU4QRyzu7Y1pI5XjGCTUxPaWfHylaNh0ePwnx2QeaFdlmZcEHY7pK4g4Yy3kpx4ui6+Mf/AM+i6ni/iW+GX+f+i5Yb3E57K7KdR5+StYVVmCVsjdW7HxYdx++imqIQ4IRC7spOzd7L/ZPQ9F1ppTVPaYhWmdUEQc0OBuCLg9QdlDJSJPpuK3UbWRvj7SPWxDrObzsL6HdM2E8TUtTYNlDXn8ElmOv4X0PuXyPkeNLFNxro6WPKpLvZpUUHMLyGm01CNvICrvA3CkcaHqTAr6W50VbFomNjOYhrRuSQLBTY5jcdKLuN3H2Wi2Z1lzTHcZkqnXebNHssGw/Up2HC579C8uZRBmJTNdJ3PZvoTzXtC/KCehBVR51UzHWYfEhdDjSohUm5Wxjwl/8A3B5O+OvyR/CR/PjcOYIPuCVcIktIL8wQfmmzhxuaQflb8VPl0mVY90PNC1FYmobSIvCNFHEdInpWfzB5os7ZDaQd8HzRElUQ6Jcm2cqxZ2SaRg/C9w919FS+8FGuJIgKqXTd1/UBDg0dFWuiOXZTMpXjpiiBjBUE8WiKzCm17ipmhxUtMzqrYAXjwO+z2EZnyHkA0e/U/RdHgm8VzngiXLCfFx+icIKlQZX8RdiXwjJFMrTXoBT1CJQzrFIKUS/a6ilhuvWPUoR9i9oSeJOFy4mWC2Y+2zYPP9Q6O+aQMUpM7SLWe07EWLXjkV3RzEqcVcOCb+bHYSga7fzG/wBLvHoV0/D854/7eTcfr9AJwU9rs5VUs7anv+Jovb8zd/qlyQc01wDK+WMi3e28TofqlqRliR5/NVebFWpL2TovYXxLUw2DZHFo/C/vC3hfUJ1wHisVJ7Mxlr8pOhuyw38QuZEWKbvs+i/mTPOwY1o83Ek/7QuTnxw4uVbKsM5ckkzfjGnMgzf07eCSiV1DEYQ69+a59jNCY3k20v8AspXjZP8AFjvJx38SArx3lLzaPesy6rIjd11WyNBGjdZ4Pj9E98JM9p3Ugen/ACkOnG375LovC7LQtPW5+Kk8h/CW4BxoxdFIUMoEViU0Rki1TaOVsuVSE6qcuTl0TyVs59xZNlqpB/afggwqkb4raDUv8m/JBHRjoq49Ijn2zb7ysNRcLfs9Fr2KIEjZMVahYXKExK7RPstR4DYAckEfjc/Eo9T1SBU7bU8Xg0fHVbxVFiudk+Y6OJfChrgqUTpqpKdNVIlS1Pil2NoboKhW45Ut09UidPOmKQuUAwHLSRt1DHLdS5ky7FVRzL7QMFMUwqmDuyENk8Hj2SfMfELmMj7uv4n5r6UraVkrHRvALXAgjqCuB8ZcOPoJ8hu6NxJifbQtv7J/MP8AKth5DlBQl6FTju0AZRqnzgmHLSl/9bz6N0SNNyXT8FpezooG88gcfN/e+qn8t1ChnjK5msjboXi+GCRhFuSNNC9qIbjzUMXR0GrWzkFXAWFwPLQeXVQ0o1ThxRgZDC8DUanxHNKUWi6WPIpRs5uSHGRehdt7/kuqYDDljYPyj5LlVFHnfG0c3gfFdhw4WFlN5L6RT460wxSCyKRFDqZqIxJEQ5E8alzKJq9BTUKaEDiap/6qTwIHoAhBqlfxxuapmP5z8NPoqJhsrofKiCXbPTWaLG1RWNiW+RECRvqStWVDgpwxbdisPFOCUGGP+wetlXcELw+u7gjJ1Hs+I6K7DUh2nMKLLBpnQxSTRfhltzV+nqUHBUkUlikND0NNNVItS1KUKepRSkqkN0bQ3U9Qr0cqWqaoRWCZHGQuUQsHKhjmDxVcLoZm3adj+JruTmnkVNHIrDXJiYto4DxLw1LSTtheC4PcBHIBo8E29zuoXSqyHIwN5NAHoLJsrqKOZobIwOAc1wuNntNw4dCLIHjtI4MJtcAHX9V7LJySTCwpRYtQuuUTY0aXQKmnAaXOIAGtztZA8a4nc+7IbtbsXbOd5dAs8fx55nS/kbmyKC2TcbY60AxRkF34jyHh4lIDNSrlW0kKrGNfJdGWFYtIgeRzew5wjT56pn5Mz/TQfNdXoYtlz/7O6a4kkPMhg93ePzC6RQtXNzu5luJVAI07bK9GqsQU7FiMZZatwFHCVNdMQDZy7EasdtJ/5H/7ioDUBZPDeR56ucfVxWvYK5dHPfZIycLHTBeNiXj4lph62damqPRbthUggC8eOdVZ2/fNFYD7B5rxYg8n5YlGDthePZSNWLFzmWomi3RKlKxYgY30GKQotTlYsXkAwlAVcYvViahciReELFiJizjn2gNDZS1os3OdBoPQJPCxYu14H6KE+R85pU7KiNisWL3lC4nQvs/H/Sj+93zTxSrFi4GT52dKP6a+wUhVhi9WIkAyeBSSbHyPyWLEyItnMv1K1csWK5EDPWrCsWLTD0LYLFi8eP/Z']"
JJYYTY,JJYYTY,JJYYTY@gmail.com,JJYYTY,University of Alabama at Huntsville,2020,Undergrad,['hotel management'],3,['https://www.google.com/url?sa=i&rct=j&q=&esrc=s&source=images&cd=&ved=2ahUKEwjYjJv0mMLbAhWjtlkKHT_FAPQQjRx6BAgBEAU&url=http%3A%2F%2Fwww.concordrusam.com%2Fen%2Fblog%2Ftestimonial%2Falex-matthew%2F&psig=AOvVaw1mX6vij-7hyeXyziLwIsXS&ust=1528482953750221']
2LC02B,2LC02B,2LC02B@gmail.com,2LC02B,University of Alabama at Birmingham,2020,Graduate,['architecture '],2,['https://encrypted-tbn0.gstatic.com/images?q=tbn:ANd9GcTcRZyhoIa_nPHxYVJrZBC0cSM6lf7sSY_V3AI0eGAblufywXT_ug']
OMT05W,OMT05W,OMT05W@gmail.com,OMT05W,University of Alabama at Birmingham,2020,Highschool,['philosophy'],6,['https://4.bp.blogspot.com/-WhG1-sNmrqQ/WkaZ0UXTu4I/AAAAAAAAG1w/rn4ezeF-Ms8AxYi3ckyJARdluWVdJrg_gCLcBGAs/s1600/Cool-Girls-Images-for-Facebook.jpg']
EGO33F,EGO33F,EGO33F@gmail.com,EGO33F,University of Alabama at Birmingham,2019,PhD,['anthropology'],5,['https://i2.wp.com/tricksmaze.com/wp-content/uploads/2017/10/Stylish-Girls-Profile-Pictures-1.png?resize=300%2C300&ssl=1']
LTTQZ9,LTTQZ9,LTTQZ9@gmail.com,LTTQZ9,Community College of the Air Force,2020,Undergrad,['film'],6,"['data:image/jpeg;base64,/9j/4AAQSkZJRgABAQAAAQABAAD/2wCEAAkGBxMREBMSEhISFRUVFRUVFRUVEhAVFRUQFRUXFhUVFRUYHSggGBolGxUVITEhJSkrLi4uFx8zODMtNygtLisBCgoKDg0OGxAQFy0fHR8tLS0tLS0tLS0tLS0rLS0tLS0tLS0tLS0tLS0tLS0rLS0tLS0tKystLS0tLS0tLS0rN//AABEIAOIA3wMBIgACEQEDEQH/xAAcAAACAgMBAQAAAAAAAAAAAAAFBgMEAAIHAQj/xAA9EAABAwIEAwUFBgUDBQAAAAABAAIDBBEFEiExBkFREyJhcZEygaGxwQcUQmLR8BUjUnLhkrLxJDNzgtL/xAAaAQADAQEBAQAAAAAAAAAAAAACAwQBBQAG/8QAKxEAAgICAgIABAUFAAAAAAAAAAECEQMhEjEEQSIyUXEFEzNhkRQjQoHR/9oADAMBAAIRAxEAPwAAcdkPIq3TYnIVHVUrI1Xp577JMpJGMKffX9VLFUPJ3Vamgc86Jlw7CABc7oFJvoxIuYY0lmq0kZZyJwxgD3IbOe8iYaPWBTtVdjlKHLEzSW6rVZ2UoKgrNgtswMYe7uq1a6F4ZVstbM2/mFcFYwmwc0+8IRpDXUOYaJZrYJ4TdpuOicA5aSwhw1CCUL6NsR4eJpGHvAplwji5jiATY+Ko4tw+H3IGqUq6gkhOoNuqUpTg9mM7VFM2Rt0JxLDWuvolbhHHzlyvOo09ybX17Tz+KfyUkYhUmtG+xRKmYHBDeKIszS5m4S9hvEbozZ/qppQpm2E8eo8puhMEuV4J5IxVYgJ2aJdqdCp2visancToFFjbMg1CAY5Ute64S7TRlxAufVGH4a5rMysk1OGhUdSKMjrKjWWcFZqjoqV9FKlQ5s0pQrE2qhg3VmJtytMy9ACarc83J+KIYXyVGkw97tmlHcPwp/RW8b7I2HsOnYwa2V84yOSDswpysR4S5NSoG2MNFVZwq1UO8pMOpywLSsOqxho0apmqBpS9xFxW2G8cNnSbE7tb+pQhBzEcSZCO8R9fRLNXjElQbM7rf36lKr6p8ji57iTzuVdoqnXRFQaiNUbBHHcv8dUJqMacz2dr7hS01SDtY+J19Lq/BQtnuHXPjoAsk6DSsioOLRoHueOlk0UONggd7MPG2b/KT6/g99yWe5AarDaiB1xceqHmmF+W16O1QTNeNCCpZsKZK06D4Lj2G8STQkZzddR4T4jbOAL6/FbVgNC7i3Dr6dxkiGnMfohzMWdcC5FvNdangD26hIHE/DOpewWO/mk5MdLQKJ6K0rLEpcx/ACy7mhV6TEpKd2Vw2TdR1zZ40CakqZtCfgMnIqXE4NSQsmg7Kc22ui0lNnakT7NTpi7Tuym/ROlDO2SL3JRqochVzCaq1wtxz4sKSK2Jx2Lh4oQHI7ijOfVAnixXgjdinpJNVWB0XtHuURmR6H+kwtjQBYK9DTNHRKT+KAvIuJiTouiSjuIWjotTl8EpuxxxHNafxR56rDOSG10g5IViD9VVw2oc46rTierEMLpDvs0dXHZY2ati5xVxGWAwxGziO+4cgfwjxSUCSf3uvZpCXEnUk3JPMnmsBt5rUqGIlcbaD9+alilyqk99vP5KNj9V4NsZ6J5cR4p/4Zohpfouf4AbuAXTsI0AU2ae6KcUdWMsUDSNlWrcHY8atCsUpur+TRBSYVtHPMd4MY9psPf0SPSyS4fVNve19OhG1vBd3dBfRI32h8N9pA57G95veHmOS2LcX+xkql9x1wetbNAyRpu17QR+nuXlSwG4KQ/shxkvY+mcToM7PDYOb9fVPk5squ0RtUxM4lwMOBIGqX8FkdE4sd1XRahocECr8IB1CRLFu0eYBxxmzwrODVzSMpVXEZcoyuS3JK5jrtKn9nrGnHIAdQltryx1wrUOIl1rrWpYCLhCw07RZ7btGoVUx2KtUstjZSy0+YobphRBltFJTDVSVEWVRQpiMyBOLhxX6Th0Ao797YOYXn8SYDuF0SYhZgjQNlIzCh0Vj+JNtuo3Ym1YZomhow3ZIn2mV1nxwg7DO75D6p1ixEErlnG0xdWyE9G28rXCz2FEDNKyRy1j6qOV/wCpRexq0jR7l7GtBqj+A4KZSCfZWTkorZ6EXJ6CnCtMSQbadV0mnmZCwOlcGjl1PgEDo6YQsGVuvIeKmIa3+ZL3nG2/LwAULlylZeo0qQYk4yiZoyN7vGxAVih4tzmxbb4oU2saRZz4GdA94zeg2VKe7DcWIvplIc0jwP0RytegYxTdWdGhqQ5t0Gx7HWxDLkz30/5W3Dj+0YgVfVB8zmlzGhrrEvcGi45LE2zHFJiZgU/3PFGloLWSONgfzfh9fmuzVABFxsdR5Fct+0CUCGGQFhcyVmVzXBw5m1/cujYHUdrSxP8A6m/C5t8LKiDtE2VUynXOLRdKVbxCWEixITxWw5ggT+H2vJJCNCmIuI1ZlNwCFQjF3WKf5cAax2yzEOHWuZdoF/qkzgn0YJMkAFiF7E7kV5iMT4nFrlBFKpZIOLJ3xkG6mbIQFvGbhV5nJOSNoYnRvkz7qeCINVOmfqre6W5NKg409gh1VMeq2h7YkXunpmDs6BSNw5g5LusiFymp5SOasNw556pphgaApg1qwChcpcPc3U9EgcbMtVH8zGO8hawHoAux2auQ/aBTubWOvbK4CxHQAafFZ7DSF4nRVXm5RCjonTODGkDQm7jYWCr1VE+J5a4a9RqD5FapK6vY5xdXWjaijuQup8N0gEbVznCoe8LrqeC2EbfJS+SP8dF+WlJHdCVOI6CrNi1ptrsdf8J8pHonHCx24SYOiiStUcj4YwySKcPljEjbOBaS2xJFrkkHROFNgR7QvaAyN28QBLc39TSTofdqnOPCI9w1voFadThrU9yk1sTFRi9ArDGdigHG/B/3h33uB9ja0kZaHt/vaDt4o7LIXXyjQbohQYgy2UkX2IS8cqYeSFq0cf4yw8tDZTG1kXdacpveTWzyAABfZdN4ScG0FO07iMXRKuwWCohfG5oLHixFtjuCOhB1SXPPLA4xa9zu+mxRzzflr4ieUU+hwnmHVVm4g0c0ovr5XKlUyP6lJ/rI2A4DZi2JstdUBj7RGUplzjuSsNPcHdNWaD6YLTKeK14mebDmht7FTSsyvst5ogW3Sm9hUT0sq1qeqpU8ttFbe4EIJoK7R5S7onGxC6M6ozGFPI2L0SycTADdVncR3UH8AViHh5dyyUt0+MkhSDFHeKsUeDADZXmYSOiwBpg6HEHkhUeL8J+8QF4F3tFx52/wmZmGAclpXx5Y3W6H4BCw4nLOH6dj5je+XQAbXIFyCt64tD3AHPr7gR0PNe4REQ8tAuXOzNB2Lhu0+4o07AA91g8ZnXNyLf8Arl5WU0pVO2dKC5Q0BIKNzSHOG+tugTphc/cAQh1M9oySts4aAjZwGxCuYfolSnyGRhxGSnqbIxSVaWoiiMDkF0NpNDbT1a9qagkWCAwTFXYqwNvc++6NSsS4JO0LuKmoyyRMLo3G+WQNzAX5+ap8P4VURvIfM99xoX6i/XqEfxHiCnZzzHo22nmeSo0vFTL6x/2kH5rKS1ZVDDlmrjEbcKD4owyRwc7ckCw15AdFHiGHtkcXWFz9FBR4q2dlwLOabEXvoeamlrAwAHmnJKWn0c/PBxu9MGT4Q0bBUJcMR2ataRyS5X4yGOQT8fExCkyKXCB0VWXDwBotKriIW5oNLxCc3Oyly+K47izVNPsgxPDiDdDZLgWKPtxVj91HV0zXtuLJcMko6kbxXoW4G3crc0RaFTqQ6N97K4KjO1UylqwY/ua0L9UchOiXqZtijlIdEjIjyY0PnYOi8FYwJHdWSk81u10p6rtsnHqGvb1U/wDEG9UnYfBIeqI/c39SsBbD5xIdVDUy5mnxBQtmHuV+OOw9yFmpiFXUh7KRzdHMeS0je7eiu4BxOyUs7YWe38QGh8+izFn9kya3Mut5nRJVIcr0uWNSWyrHkcGdPxyvgdH3SC4eyQDcm4PePhshtHKqFAQ4KxbIfBSNUXJ2tDJSORGNL1JUorDU3S2ErCkcgUGJ4e2oblc57RfdjspVdkmqIRtvsiizz0wVDgMcQs0ZvF/eJViKnh0zQMuNiGo7TUYcNVcjwmK+t/8AVb5I6foavLlFU2VMLpGi8gblvYWGgtbp1V+toQ9vjZbTyRsGVpvztfovIau9i7fp0TVJLshy3kfIX6igkjNje3iqc1CHbjVPYcHWuARuL62VbF6YSRkADMPZIsDfpdLliT2mI4tCJDgzXHUL2u4SY5psFNLVmCQtkBa4bg7ohT44wjcJuPqpC2cxxbDXwOsduRUVJiTmaO2TNxnVNe3S10n9nmCXPHF6Zsb9BZ7mSqEQZUKjkdGUagfnbdTThx+xt2R0zNUUpdAgz3FrkUppdEMkeTGODCG9FbbhjR0QU8StHMeqjfxQF2hA0U1I0K0YmpOp+JLlWH4049VgLYzWaqtURbRL4xR3irdNUF+6xmpivxeQGW/qePhqUmzaOFuqc+NYyWNI5E+tkkwtJdr10WLocNOBv1R6aC4QbAYrEJkfHpooMvzHRw9AjIW7FTw1ZG6kmjUBASx6D2FUc1RqwBrdszja5G+UblFocKkBIFTHccixwt8UqU1fJGAGuNhsOl1I6ule+4JubaX5jRFoFpjoIaiMZrB7esZJP+ndBcS4lcXCJpILjY30IHPxClwniV8buzlFnN0IvqmCKtgmIc6ONx5FzWlw99lv+wLa7VizRVrpnizXBrL300uNA0Hr9EeoyRur1UGu9kAeWyqtjssSBlLl6oM07rgKchUqQ6K6E+L0IkqF7jDh11WwOjdlkjBsCNHt3y35HouYzUssftBwXcglnE8NZJm0GpPzRODkiea9nLJmXbckofHoUzcRYT2IJb6JdpBmNkp2lsPGVa1t0YwBt2qvU0hvqrNMzJsk5Zco0bjW9kWKgNep6EZlrXw3Fzup8KbZqB/IenGmQR4ISpxgvgmiOZg5hauqWdQuwSAmgwXXZGWYSOi3grWdQrJr2rwLRAMLHReSUmXYKV2JNQvFsbs0hmruvT/KOGKWR1E3RRxilD2lh5i4636pagwZsYudXdeQ8Am/DaWMwZm3Lne25xu8v536eSrT0Khy5HGTj9Do4sC42wZQsy6o3G8EIf2RapoXKWbt2VwjSLEjFSkjV8G4WhCENFNsKMYNS63sq0ICM0sga255C/oiQMno5/i9deunF7WlLb9LWAPlyRvCK9wFydtL3XOn1xdUSSf1SOPmC46eicMImbZwcbaAgWvc/qqsuP4SbDkTezomH4nm0KLNaCLgrnmGVTg0HW2/kL7FM1BiR0Cmuhrj9BppXCyvRuFkMpToPFXY06LETiTOdYE9AT6C65q/iYna66JWg9k+3NpHqLfVJ0XD7RyT4WTTFLF8TdMLWKrYdT5Rcp1qOHGkbIDi1MYmkW96V5EXxBg6YuYhWXdYW0W9FNmQisacxVzCn6WKQ4LiMj2X6qS+it0UZyXVDLcorhriRlA1QcRqipdgL7zMeq2b2x6pxjw9g6KVtIwdF1yAUqWCa4uSi/3Z4HecQisr2M9ltz8AqLnlx9oHwuFXg8Rz3LSBeyi822PqqFW/3fr5c0QqBrob/L1VGVg3Ov08vBdfHjjCNRMN8AxDsZe8e47R3h0d5hOU9N5eBSBMyxuNk48K13aw9m7V0fXnGdvTZcX8W8TX5sV9y7xMtPiyKpp+iHPbbkmKqh6IZJAvnzoplZjtF4969fEtCx3ReCJWSLXFa3LC8A/hPyUeU3VXFWF0brdDZFHsGe0c0vY/vqmOjnyta7XkHHw5H1QCZlj6hEsJfmYWnndv6LpvaOZHToa4ZXAEA6HvAcro9gc4cPEH1B29NQlTC5iYmHm12U+IRnh6S0rmedlNkjplcZHTcNmGQIlG4JYoJjlRamnOiTGRs4hWUFzHNG/LzS3V4l2bi1wII3BR6mqe8oOKsME0RcB32C4PMjm1U45EeWLTF92NiyC4tOJQR1UC9yp7gmItgc4WCeSs0+FNHRXHBeg2WLHH6GcmVTRhq2pe469lOXXWjhZbwijeTBjMZJRTBKeetcWxHJG02fMRex5sjH4ndTsPFKuC0DppGRtOrjv0HM+5dpwmlZDEyKMWa0WH1J6knVBLJxWuxmPHy2yjScE0oH8xr5TzdLI43P8AaLNHuCjqfs+ozcxtkid1jebe9rrgpljU4QRyzu7Y1pI5XjGCTUxPaWfHylaNh0ePwnx2QeaFdlmZcEHY7pK4g4Yy3kpx4ui6+Mf/AM+i6ni/iW+GX+f+i5Yb3E57K7KdR5+StYVVmCVsjdW7HxYdx++imqIQ4IRC7spOzd7L/ZPQ9F1ppTVPaYhWmdUEQc0OBuCLg9QdlDJSJPpuK3UbWRvj7SPWxDrObzsL6HdM2E8TUtTYNlDXn8ElmOv4X0PuXyPkeNLFNxro6WPKpLvZpUUHMLyGm01CNvICrvA3CkcaHqTAr6W50VbFomNjOYhrRuSQLBTY5jcdKLuN3H2Wi2Z1lzTHcZkqnXebNHssGw/Up2HC579C8uZRBmJTNdJ3PZvoTzXtC/KCehBVR51UzHWYfEhdDjSohUm5Wxjwl/8A3B5O+OvyR/CR/PjcOYIPuCVcIktIL8wQfmmzhxuaQflb8VPl0mVY90PNC1FYmobSIvCNFHEdInpWfzB5os7ZDaQd8HzRElUQ6Jcm2cqxZ2SaRg/C9w919FS+8FGuJIgKqXTd1/UBDg0dFWuiOXZTMpXjpiiBjBUE8WiKzCm17ipmhxUtMzqrYAXjwO+z2EZnyHkA0e/U/RdHgm8VzngiXLCfFx+icIKlQZX8RdiXwjJFMrTXoBT1CJQzrFIKUS/a6ilhuvWPUoR9i9oSeJOFy4mWC2Y+2zYPP9Q6O+aQMUpM7SLWe07EWLXjkV3RzEqcVcOCb+bHYSga7fzG/wBLvHoV0/D854/7eTcfr9AJwU9rs5VUs7anv+Jovb8zd/qlyQc01wDK+WMi3e28TofqlqRliR5/NVebFWpL2TovYXxLUw2DZHFo/C/vC3hfUJ1wHisVJ7Mxlr8pOhuyw38QuZEWKbvs+i/mTPOwY1o83Ek/7QuTnxw4uVbKsM5ckkzfjGnMgzf07eCSiV1DEYQ69+a59jNCY3k20v8AspXjZP8AFjvJx38SArx3lLzaPesy6rIjd11WyNBGjdZ4Pj9E98JM9p3Ugen/ACkOnG375LovC7LQtPW5+Kk8h/CW4BxoxdFIUMoEViU0Rki1TaOVsuVSE6qcuTl0TyVs59xZNlqpB/afggwqkb4raDUv8m/JBHRjoq49Ijn2zb7ysNRcLfs9Fr2KIEjZMVahYXKExK7RPstR4DYAckEfjc/Eo9T1SBU7bU8Xg0fHVbxVFiudk+Y6OJfChrgqUTpqpKdNVIlS1Pil2NoboKhW45Ut09UidPOmKQuUAwHLSRt1DHLdS5ky7FVRzL7QMFMUwqmDuyENk8Hj2SfMfELmMj7uv4n5r6UraVkrHRvALXAgjqCuB8ZcOPoJ8hu6NxJifbQtv7J/MP8AKth5DlBQl6FTju0AZRqnzgmHLSl/9bz6N0SNNyXT8FpezooG88gcfN/e+qn8t1ChnjK5msjboXi+GCRhFuSNNC9qIbjzUMXR0GrWzkFXAWFwPLQeXVQ0o1ThxRgZDC8DUanxHNKUWi6WPIpRs5uSHGRehdt7/kuqYDDljYPyj5LlVFHnfG0c3gfFdhw4WFlN5L6RT460wxSCyKRFDqZqIxJEQ5E8alzKJq9BTUKaEDiap/6qTwIHoAhBqlfxxuapmP5z8NPoqJhsrofKiCXbPTWaLG1RWNiW+RECRvqStWVDgpwxbdisPFOCUGGP+wetlXcELw+u7gjJ1Hs+I6K7DUh2nMKLLBpnQxSTRfhltzV+nqUHBUkUlikND0NNNVItS1KUKepRSkqkN0bQ3U9Qr0cqWqaoRWCZHGQuUQsHKhjmDxVcLoZm3adj+JruTmnkVNHIrDXJiYto4DxLw1LSTtheC4PcBHIBo8E29zuoXSqyHIwN5NAHoLJsrqKOZobIwOAc1wuNntNw4dCLIHjtI4MJtcAHX9V7LJySTCwpRYtQuuUTY0aXQKmnAaXOIAGtztZA8a4nc+7IbtbsXbOd5dAs8fx55nS/kbmyKC2TcbY60AxRkF34jyHh4lIDNSrlW0kKrGNfJdGWFYtIgeRzew5wjT56pn5Mz/TQfNdXoYtlz/7O6a4kkPMhg93ePzC6RQtXNzu5luJVAI07bK9GqsQU7FiMZZatwFHCVNdMQDZy7EasdtJ/5H/7ioDUBZPDeR56ucfVxWvYK5dHPfZIycLHTBeNiXj4lph62damqPRbthUggC8eOdVZ2/fNFYD7B5rxYg8n5YlGDthePZSNWLFzmWomi3RKlKxYgY30GKQotTlYsXkAwlAVcYvViahciReELFiJizjn2gNDZS1os3OdBoPQJPCxYu14H6KE+R85pU7KiNisWL3lC4nQvs/H/Sj+93zTxSrFi4GT52dKP6a+wUhVhi9WIkAyeBSSbHyPyWLEyItnMv1K1csWK5EDPWrCsWLTD0LYLFi8eP/Z']"
43QX3K,43QX3K,43QX3K@gmail.com,43QX3K,Alabama A & M University,2020,Graduate,['biochemistry'],0,['http://kb4images.com/images/girls-profile-pictures/36688496-girls-profile-pictures-small.jpg']
JR49A5,JR49A5,JR49A5@gmail.com,JR49A5,University of Alabama at Birmingham,2021,Highschool,['industrial engineering'],1,['https://static1.squarespace.com/static/55198f1ce4b00c2cab3e5e30/t/5526d4c0e4b0930deae8978d/1428608208846/600x600%26text%3Dprofile+img.gif']
JO2WTJ,JO2WTJ,JO2WTJ@gmail.com,JO2WTJ,University of Alabama at Birmingham,2021,Graduate,['physcis'],7,['https://encrypted-tbn0.gstatic.com/images?q=tbn:ANd9GcSe0BO61_PDZk-c9JdW6ma7lShUNPYXddGkTUeAsNJzRm-BcvlT']
QY0ESQ,QY0ESQ,QY0ESQ@gmail.com,QY0ESQ,University of Alabama at Birmingham,2021,PhD,['architecture '],9,['https://cdn.imaginetricks.com/wp-content/uploads/2017/08/Lovely-Girls-Cool-Profile-Pictures.jpg']
03I1YH,03I1YH,03I1YH@gmail.com,03I1YH,University of Alabama at Birmingham,2019,Graduate,['mathematics'],2,['https://www.google.com/url?sa=i&rct=j&q=&esrc=s&source=images&cd=&ved=2ahUKEwjYjJv0mMLbAhWjtlkKHT_FAPQQjRx6BAgBEAU&url=http%3A%2F%2Fwww.concordrusam.com%2Fen%2Fblog%2Ftestimonial%2Falex-matthew%2F&psig=AOvVaw1mX6vij-7hyeXyziLwIsXS&ust=1528482953750221']
038TX4,038TX4,038TX4@gmail.com,038TX4,University of Alabama at Birmingham,2020,Graduate,['computer science'],3,"['data:image/jpeg;base64,/9j/4AAQSkZJRgABAQAAAQABAAD/2wCEAAkGBxMREBMSEhISFRUVFRUVFRUVEhAVFRUQFRUXFhUVFRUYHSggGBolGxUVITEhJSkrLi4uFx8zODMtNygtLisBCgoKDg0OGxAQFy0fHR8tLS0tLS0tLS0tLS0rLS0tLS0tLS0tLS0tLS0tLS0rLS0tLS0tKystLS0tLS0tLS0rN//AABEIAOIA3wMBIgACEQEDEQH/xAAcAAACAgMBAQAAAAAAAAAAAAAFBgMEAAIHAQj/xAA9EAABAwIEAwUFBgUDBQAAAAABAAIDBBEFEiExBkFREyJhcZEygaGxwQcUQmLR8BUjUnLhkrLxJDNzgtL/xAAaAQADAQEBAQAAAAAAAAAAAAACAwQBBQAG/8QAKxEAAgICAgIABAUFAAAAAAAAAAECEQMhEjEEQSIyUXEFEzNhkRQjQoHR/9oADAMBAAIRAxEAPwAAcdkPIq3TYnIVHVUrI1Xp577JMpJGMKffX9VLFUPJ3Vamgc86Jlw7CABc7oFJvoxIuYY0lmq0kZZyJwxgD3IbOe8iYaPWBTtVdjlKHLEzSW6rVZ2UoKgrNgtswMYe7uq1a6F4ZVstbM2/mFcFYwmwc0+8IRpDXUOYaJZrYJ4TdpuOicA5aSwhw1CCUL6NsR4eJpGHvAplwji5jiATY+Ko4tw+H3IGqUq6gkhOoNuqUpTg9mM7VFM2Rt0JxLDWuvolbhHHzlyvOo09ybX17Tz+KfyUkYhUmtG+xRKmYHBDeKIszS5m4S9hvEbozZ/qppQpm2E8eo8puhMEuV4J5IxVYgJ2aJdqdCp2visancToFFjbMg1CAY5Ute64S7TRlxAufVGH4a5rMysk1OGhUdSKMjrKjWWcFZqjoqV9FKlQ5s0pQrE2qhg3VmJtytMy9ACarc83J+KIYXyVGkw97tmlHcPwp/RW8b7I2HsOnYwa2V84yOSDswpysR4S5NSoG2MNFVZwq1UO8pMOpywLSsOqxho0apmqBpS9xFxW2G8cNnSbE7tb+pQhBzEcSZCO8R9fRLNXjElQbM7rf36lKr6p8ji57iTzuVdoqnXRFQaiNUbBHHcv8dUJqMacz2dr7hS01SDtY+J19Lq/BQtnuHXPjoAsk6DSsioOLRoHueOlk0UONggd7MPG2b/KT6/g99yWe5AarDaiB1xceqHmmF+W16O1QTNeNCCpZsKZK06D4Lj2G8STQkZzddR4T4jbOAL6/FbVgNC7i3Dr6dxkiGnMfohzMWdcC5FvNdangD26hIHE/DOpewWO/mk5MdLQKJ6K0rLEpcx/ACy7mhV6TEpKd2Vw2TdR1zZ40CakqZtCfgMnIqXE4NSQsmg7Kc22ui0lNnakT7NTpi7Tuym/ROlDO2SL3JRqochVzCaq1wtxz4sKSK2Jx2Lh4oQHI7ijOfVAnixXgjdinpJNVWB0XtHuURmR6H+kwtjQBYK9DTNHRKT+KAvIuJiTouiSjuIWjotTl8EpuxxxHNafxR56rDOSG10g5IViD9VVw2oc46rTierEMLpDvs0dXHZY2ati5xVxGWAwxGziO+4cgfwjxSUCSf3uvZpCXEnUk3JPMnmsBt5rUqGIlcbaD9+alilyqk99vP5KNj9V4NsZ6J5cR4p/4Zohpfouf4AbuAXTsI0AU2ae6KcUdWMsUDSNlWrcHY8atCsUpur+TRBSYVtHPMd4MY9psPf0SPSyS4fVNve19OhG1vBd3dBfRI32h8N9pA57G95veHmOS2LcX+xkql9x1wetbNAyRpu17QR+nuXlSwG4KQ/shxkvY+mcToM7PDYOb9fVPk5squ0RtUxM4lwMOBIGqX8FkdE4sd1XRahocECr8IB1CRLFu0eYBxxmzwrODVzSMpVXEZcoyuS3JK5jrtKn9nrGnHIAdQltryx1wrUOIl1rrWpYCLhCw07RZ7btGoVUx2KtUstjZSy0+YobphRBltFJTDVSVEWVRQpiMyBOLhxX6Th0Ao797YOYXn8SYDuF0SYhZgjQNlIzCh0Vj+JNtuo3Ym1YZomhow3ZIn2mV1nxwg7DO75D6p1ixEErlnG0xdWyE9G28rXCz2FEDNKyRy1j6qOV/wCpRexq0jR7l7GtBqj+A4KZSCfZWTkorZ6EXJ6CnCtMSQbadV0mnmZCwOlcGjl1PgEDo6YQsGVuvIeKmIa3+ZL3nG2/LwAULlylZeo0qQYk4yiZoyN7vGxAVih4tzmxbb4oU2saRZz4GdA94zeg2VKe7DcWIvplIc0jwP0RytegYxTdWdGhqQ5t0Gx7HWxDLkz30/5W3Dj+0YgVfVB8zmlzGhrrEvcGi45LE2zHFJiZgU/3PFGloLWSONgfzfh9fmuzVABFxsdR5Fct+0CUCGGQFhcyVmVzXBw5m1/cujYHUdrSxP8A6m/C5t8LKiDtE2VUynXOLRdKVbxCWEixITxWw5ggT+H2vJJCNCmIuI1ZlNwCFQjF3WKf5cAax2yzEOHWuZdoF/qkzgn0YJMkAFiF7E7kV5iMT4nFrlBFKpZIOLJ3xkG6mbIQFvGbhV5nJOSNoYnRvkz7qeCINVOmfqre6W5NKg409gh1VMeq2h7YkXunpmDs6BSNw5g5LusiFymp5SOasNw556pphgaApg1qwChcpcPc3U9EgcbMtVH8zGO8hawHoAux2auQ/aBTubWOvbK4CxHQAafFZ7DSF4nRVXm5RCjonTODGkDQm7jYWCr1VE+J5a4a9RqD5FapK6vY5xdXWjaijuQup8N0gEbVznCoe8LrqeC2EbfJS+SP8dF+WlJHdCVOI6CrNi1ptrsdf8J8pHonHCx24SYOiiStUcj4YwySKcPljEjbOBaS2xJFrkkHROFNgR7QvaAyN28QBLc39TSTofdqnOPCI9w1voFadThrU9yk1sTFRi9ArDGdigHG/B/3h33uB9ja0kZaHt/vaDt4o7LIXXyjQbohQYgy2UkX2IS8cqYeSFq0cf4yw8tDZTG1kXdacpveTWzyAABfZdN4ScG0FO07iMXRKuwWCohfG5oLHixFtjuCOhB1SXPPLA4xa9zu+mxRzzflr4ieUU+hwnmHVVm4g0c0ovr5XKlUyP6lJ/rI2A4DZi2JstdUBj7RGUplzjuSsNPcHdNWaD6YLTKeK14mebDmht7FTSsyvst5ogW3Sm9hUT0sq1qeqpU8ttFbe4EIJoK7R5S7onGxC6M6ozGFPI2L0SycTADdVncR3UH8AViHh5dyyUt0+MkhSDFHeKsUeDADZXmYSOiwBpg6HEHkhUeL8J+8QF4F3tFx52/wmZmGAclpXx5Y3W6H4BCw4nLOH6dj5je+XQAbXIFyCt64tD3AHPr7gR0PNe4REQ8tAuXOzNB2Lhu0+4o07AA91g8ZnXNyLf8Arl5WU0pVO2dKC5Q0BIKNzSHOG+tugTphc/cAQh1M9oySts4aAjZwGxCuYfolSnyGRhxGSnqbIxSVaWoiiMDkF0NpNDbT1a9qagkWCAwTFXYqwNvc++6NSsS4JO0LuKmoyyRMLo3G+WQNzAX5+ap8P4VURvIfM99xoX6i/XqEfxHiCnZzzHo22nmeSo0vFTL6x/2kH5rKS1ZVDDlmrjEbcKD4owyRwc7ckCw15AdFHiGHtkcXWFz9FBR4q2dlwLOabEXvoeamlrAwAHmnJKWn0c/PBxu9MGT4Q0bBUJcMR2ataRyS5X4yGOQT8fExCkyKXCB0VWXDwBotKriIW5oNLxCc3Oyly+K47izVNPsgxPDiDdDZLgWKPtxVj91HV0zXtuLJcMko6kbxXoW4G3crc0RaFTqQ6N97K4KjO1UylqwY/ua0L9UchOiXqZtijlIdEjIjyY0PnYOi8FYwJHdWSk81u10p6rtsnHqGvb1U/wDEG9UnYfBIeqI/c39SsBbD5xIdVDUy5mnxBQtmHuV+OOw9yFmpiFXUh7KRzdHMeS0je7eiu4BxOyUs7YWe38QGh8+izFn9kya3Mut5nRJVIcr0uWNSWyrHkcGdPxyvgdH3SC4eyQDcm4PePhshtHKqFAQ4KxbIfBSNUXJ2tDJSORGNL1JUorDU3S2ErCkcgUGJ4e2oblc57RfdjspVdkmqIRtvsiizz0wVDgMcQs0ZvF/eJViKnh0zQMuNiGo7TUYcNVcjwmK+t/8AVb5I6foavLlFU2VMLpGi8gblvYWGgtbp1V+toQ9vjZbTyRsGVpvztfovIau9i7fp0TVJLshy3kfIX6igkjNje3iqc1CHbjVPYcHWuARuL62VbF6YSRkADMPZIsDfpdLliT2mI4tCJDgzXHUL2u4SY5psFNLVmCQtkBa4bg7ohT44wjcJuPqpC2cxxbDXwOsduRUVJiTmaO2TNxnVNe3S10n9nmCXPHF6Zsb9BZ7mSqEQZUKjkdGUagfnbdTThx+xt2R0zNUUpdAgz3FrkUppdEMkeTGODCG9FbbhjR0QU8StHMeqjfxQF2hA0U1I0K0YmpOp+JLlWH4049VgLYzWaqtURbRL4xR3irdNUF+6xmpivxeQGW/qePhqUmzaOFuqc+NYyWNI5E+tkkwtJdr10WLocNOBv1R6aC4QbAYrEJkfHpooMvzHRw9AjIW7FTw1ZG6kmjUBASx6D2FUc1RqwBrdszja5G+UblFocKkBIFTHccixwt8UqU1fJGAGuNhsOl1I6ule+4JubaX5jRFoFpjoIaiMZrB7esZJP+ndBcS4lcXCJpILjY30IHPxClwniV8buzlFnN0IvqmCKtgmIc6ONx5FzWlw99lv+wLa7VizRVrpnizXBrL300uNA0Hr9EeoyRur1UGu9kAeWyqtjssSBlLl6oM07rgKchUqQ6K6E+L0IkqF7jDh11WwOjdlkjBsCNHt3y35HouYzUssftBwXcglnE8NZJm0GpPzRODkiea9nLJmXbckofHoUzcRYT2IJb6JdpBmNkp2lsPGVa1t0YwBt2qvU0hvqrNMzJsk5Zco0bjW9kWKgNep6EZlrXw3Fzup8KbZqB/IenGmQR4ISpxgvgmiOZg5hauqWdQuwSAmgwXXZGWYSOi3grWdQrJr2rwLRAMLHReSUmXYKV2JNQvFsbs0hmruvT/KOGKWR1E3RRxilD2lh5i4636pagwZsYudXdeQ8Am/DaWMwZm3Lne25xu8v536eSrT0Khy5HGTj9Do4sC42wZQsy6o3G8EIf2RapoXKWbt2VwjSLEjFSkjV8G4WhCENFNsKMYNS63sq0ICM0sga255C/oiQMno5/i9deunF7WlLb9LWAPlyRvCK9wFydtL3XOn1xdUSSf1SOPmC46eicMImbZwcbaAgWvc/qqsuP4SbDkTezomH4nm0KLNaCLgrnmGVTg0HW2/kL7FM1BiR0Cmuhrj9BppXCyvRuFkMpToPFXY06LETiTOdYE9AT6C65q/iYna66JWg9k+3NpHqLfVJ0XD7RyT4WTTFLF8TdMLWKrYdT5Rcp1qOHGkbIDi1MYmkW96V5EXxBg6YuYhWXdYW0W9FNmQisacxVzCn6WKQ4LiMj2X6qS+it0UZyXVDLcorhriRlA1QcRqipdgL7zMeq2b2x6pxjw9g6KVtIwdF1yAUqWCa4uSi/3Z4HecQisr2M9ltz8AqLnlx9oHwuFXg8Rz3LSBeyi822PqqFW/3fr5c0QqBrob/L1VGVg3Ov08vBdfHjjCNRMN8AxDsZe8e47R3h0d5hOU9N5eBSBMyxuNk48K13aw9m7V0fXnGdvTZcX8W8TX5sV9y7xMtPiyKpp+iHPbbkmKqh6IZJAvnzoplZjtF4969fEtCx3ReCJWSLXFa3LC8A/hPyUeU3VXFWF0brdDZFHsGe0c0vY/vqmOjnyta7XkHHw5H1QCZlj6hEsJfmYWnndv6LpvaOZHToa4ZXAEA6HvAcro9gc4cPEH1B29NQlTC5iYmHm12U+IRnh6S0rmedlNkjplcZHTcNmGQIlG4JYoJjlRamnOiTGRs4hWUFzHNG/LzS3V4l2bi1wII3BR6mqe8oOKsME0RcB32C4PMjm1U45EeWLTF92NiyC4tOJQR1UC9yp7gmItgc4WCeSs0+FNHRXHBeg2WLHH6GcmVTRhq2pe469lOXXWjhZbwijeTBjMZJRTBKeetcWxHJG02fMRex5sjH4ndTsPFKuC0DppGRtOrjv0HM+5dpwmlZDEyKMWa0WH1J6knVBLJxWuxmPHy2yjScE0oH8xr5TzdLI43P8AaLNHuCjqfs+ozcxtkid1jebe9rrgpljU4QRyzu7Y1pI5XjGCTUxPaWfHylaNh0ePwnx2QeaFdlmZcEHY7pK4g4Yy3kpx4ui6+Mf/AM+i6ni/iW+GX+f+i5Yb3E57K7KdR5+StYVVmCVsjdW7HxYdx++imqIQ4IRC7spOzd7L/ZPQ9F1ppTVPaYhWmdUEQc0OBuCLg9QdlDJSJPpuK3UbWRvj7SPWxDrObzsL6HdM2E8TUtTYNlDXn8ElmOv4X0PuXyPkeNLFNxro6WPKpLvZpUUHMLyGm01CNvICrvA3CkcaHqTAr6W50VbFomNjOYhrRuSQLBTY5jcdKLuN3H2Wi2Z1lzTHcZkqnXebNHssGw/Up2HC579C8uZRBmJTNdJ3PZvoTzXtC/KCehBVR51UzHWYfEhdDjSohUm5Wxjwl/8A3B5O+OvyR/CR/PjcOYIPuCVcIktIL8wQfmmzhxuaQflb8VPl0mVY90PNC1FYmobSIvCNFHEdInpWfzB5os7ZDaQd8HzRElUQ6Jcm2cqxZ2SaRg/C9w919FS+8FGuJIgKqXTd1/UBDg0dFWuiOXZTMpXjpiiBjBUE8WiKzCm17ipmhxUtMzqrYAXjwO+z2EZnyHkA0e/U/RdHgm8VzngiXLCfFx+icIKlQZX8RdiXwjJFMrTXoBT1CJQzrFIKUS/a6ilhuvWPUoR9i9oSeJOFy4mWC2Y+2zYPP9Q6O+aQMUpM7SLWe07EWLXjkV3RzEqcVcOCb+bHYSga7fzG/wBLvHoV0/D854/7eTcfr9AJwU9rs5VUs7anv+Jovb8zd/qlyQc01wDK+WMi3e28TofqlqRliR5/NVebFWpL2TovYXxLUw2DZHFo/C/vC3hfUJ1wHisVJ7Mxlr8pOhuyw38QuZEWKbvs+i/mTPOwY1o83Ek/7QuTnxw4uVbKsM5ckkzfjGnMgzf07eCSiV1DEYQ69+a59jNCY3k20v8AspXjZP8AFjvJx38SArx3lLzaPesy6rIjd11WyNBGjdZ4Pj9E98JM9p3Ugen/ACkOnG375LovC7LQtPW5+Kk8h/CW4BxoxdFIUMoEViU0Rki1TaOVsuVSE6qcuTl0TyVs59xZNlqpB/afggwqkb4raDUv8m/JBHRjoq49Ijn2zb7ysNRcLfs9Fr2KIEjZMVahYXKExK7RPstR4DYAckEfjc/Eo9T1SBU7bU8Xg0fHVbxVFiudk+Y6OJfChrgqUTpqpKdNVIlS1Pil2NoboKhW45Ut09UidPOmKQuUAwHLSRt1DHLdS5ky7FVRzL7QMFMUwqmDuyENk8Hj2SfMfELmMj7uv4n5r6UraVkrHRvALXAgjqCuB8ZcOPoJ8hu6NxJifbQtv7J/MP8AKth5DlBQl6FTju0AZRqnzgmHLSl/9bz6N0SNNyXT8FpezooG88gcfN/e+qn8t1ChnjK5msjboXi+GCRhFuSNNC9qIbjzUMXR0GrWzkFXAWFwPLQeXVQ0o1ThxRgZDC8DUanxHNKUWi6WPIpRs5uSHGRehdt7/kuqYDDljYPyj5LlVFHnfG0c3gfFdhw4WFlN5L6RT460wxSCyKRFDqZqIxJEQ5E8alzKJq9BTUKaEDiap/6qTwIHoAhBqlfxxuapmP5z8NPoqJhsrofKiCXbPTWaLG1RWNiW+RECRvqStWVDgpwxbdisPFOCUGGP+wetlXcELw+u7gjJ1Hs+I6K7DUh2nMKLLBpnQxSTRfhltzV+nqUHBUkUlikND0NNNVItS1KUKepRSkqkN0bQ3U9Qr0cqWqaoRWCZHGQuUQsHKhjmDxVcLoZm3adj+JruTmnkVNHIrDXJiYto4DxLw1LSTtheC4PcBHIBo8E29zuoXSqyHIwN5NAHoLJsrqKOZobIwOAc1wuNntNw4dCLIHjtI4MJtcAHX9V7LJySTCwpRYtQuuUTY0aXQKmnAaXOIAGtztZA8a4nc+7IbtbsXbOd5dAs8fx55nS/kbmyKC2TcbY60AxRkF34jyHh4lIDNSrlW0kKrGNfJdGWFYtIgeRzew5wjT56pn5Mz/TQfNdXoYtlz/7O6a4kkPMhg93ePzC6RQtXNzu5luJVAI07bK9GqsQU7FiMZZatwFHCVNdMQDZy7EasdtJ/5H/7ioDUBZPDeR56ucfVxWvYK5dHPfZIycLHTBeNiXj4lph62damqPRbthUggC8eOdVZ2/fNFYD7B5rxYg8n5YlGDthePZSNWLFzmWomi3RKlKxYgY30GKQotTlYsXkAwlAVcYvViahciReELFiJizjn2gNDZS1os3OdBoPQJPCxYu14H6KE+R85pU7KiNisWL3lC4nQvs/H/Sj+93zTxSrFi4GT52dKP6a+wUhVhi9WIkAyeBSSbHyPyWLEyItnMv1K1csWK5EDPWrCsWLTD0LYLFi8eP/Z']"
ZX5C0F,ZX5C0F,ZX5C0F@gmail.com,ZX5C0F,University of Alabama at Birmingham,2021,PhD,['biophysics'],0,['https://i2.wp.com/tricksmaze.com/wp-content/uploads/2017/10/Stylish-Girls-Profile-Pictures-1.png?resize=300%2C300&ssl=1']
O3RTJL,O3RTJL,O3RTJL@gmail.com,O3RTJL,Community College of the Air Force,2020,Undergrad,['statistics'],0,['https://sguru.org/wp-content/uploads/2017/06/sexy-girl-dp.jpg']
G5HUIX,G5HUIX,G5HUIX@gmail.com,G5HUIX,Community College of the Air Force,2021,Highschool,['earth sciences'],3,['http://kb4images.com/images/girls-profile-pictures/36688496-girls-profile-pictures-small.jpg']
CN4IFD,CN4IFD,CN4IFD@gmail.com,CN4IFD,University of Alabama at Birmingham,2020,Highschool,['biotechnology'],8,['https://sguru.org/wp-content/uploads/2017/06/sexy-girl-dp.jpg']
DL5QS8,DL5QS8,DL5QS8@gmail.com,DL5QS8,University of Alabama at Birmingham,2018,PhD,['biology'],8,['http://kb4images.com/images/girls-profile-pictures/36688496-girls-profile-pictures-small.jpg']
526FB1,526FB1,526FB1@gmail.com,526FB1,University of Alabama at Birmingham,2018,Undergrad,['computer engineering'],6,['https://www.google.com/url?sa=i&rct=j&q=&esrc=s&source=images&cd=&ved=2ahUKEwjYjJv0mMLbAhWjtlkKHT_FAPQQjRx6BAgBEAU&url=http%3A%2F%2Fwww.concordrusam.com%2Fen%2Fblog%2Ftestimonial%2Falex-matthew%2F&psig=AOvVaw1mX6vij-7hyeXyziLwIsXS&ust=1528482953750221']
J6P2HQ,J6P2HQ,J6P2HQ@gmail.com,J6P2HQ,Amridge University,2019,PhD,['biochemistry'],2,['https://4.bp.blogspot.com/-WhG1-sNmrqQ/WkaZ0UXTu4I/AAAAAAAAG1w/rn4ezeF-Ms8AxYi3ckyJARdluWVdJrg_gCLcBGAs/s1600/Cool-Girls-Images-for-Facebook.jpg']
1WLBKM,1WLBKM,1WLBKM@gmail.com,1WLBKM,University of Alabama at Huntsville,2020,Highschool,['anthropology'],2,['http://kb4images.com/images/girls-profile-pictures/36688496-girls-profile-pictures-small.jpg']
X5DPYB,X5DPYB,X5DPYB@gmail.com,X5DPYB,University of Alabama at Birmingham,2019,Undergrad,['accounting'],6,['https://sguru.org/wp-content/uploads/2017/06/sexy-girl-dp.jpg']
NW3TSS,NW3TSS,NW3TSS@gmail.com,NW3TSS,Alabama A & M University,2021,Undergrad,['civil engineering'],3,['https://encrypted-tbn0.gstatic.com/images?q=tbn:ANd9GcTcRZyhoIa_nPHxYVJrZBC0cSM6lf7sSY_V3AI0eGAblufywXT_ug']
JJDA0I,JJDA0I,JJDA0I@gmail.com,JJDA0I,University of Alabama at Birmingham,2018,PhD,['information technologies'],2,['https://www.google.com/url?sa=i&rct=j&q=&esrc=s&source=images&cd=&cad=rja&uact=8&ved=2ahUKEwirsqrumMLbAhVux1kKHWq7CpoQjRx6BAgBEAU&url=https%3A%2F%2Fwww.ziglar.com%2Fmichelle-prince%2F&psig=AOvVaw1mX6vij-7hyeXyziLwIsXS&ust=1528482953750221']
3MV0XY,3MV0XY,3MV0XY@gmail.com,3MV0XY,University of Alabama at Birmingham,2021,Undergrad,['electrical engineering'],8,['https://encrypted-tbn0.gstatic.com/images?q=tbn:ANd9GcSe0BO61_PDZk-c9JdW6ma7lShUNPYXddGkTUeAsNJzRm-BcvlT']
XFN37Q,XFN37Q,XFN37Q@gmail.com,XFN37Q,University of Alabama at Birmingham,2021,Graduate,['accounting'],6,['https://www.historicacanada.ca/sites/default/files/staff_davida_detail_0.png']
OFAPUP,OFAPUP,OFAPUP@gmail.com,OFAPUP,University of Alabama at Birmingham,2021,PhD,['hotel management'],9,['http://kb4images.com/images/girls-profile-pictures/36688496-girls-profile-pictures-small.jpg']
ZSWNXX,ZSWNXX,ZSWNXX@gmail.com,ZSWNXX,University of Alabama at Birmingham,2018,Highschool,['chemcial engineering'],7,['https://cdn.imaginetricks.com/wp-content/uploads/2017/08/Lovely-Girls-Cool-Profile-Pictures.jpg']
ZQFC31,ZQFC31,ZQFC31@gmail.com,ZQFC31,University of Alabama at Birmingham,2018,Highschool,['social work'],0,['https://www.google.com/url?sa=i&rct=j&q=&esrc=s&source=images&cd=&ved=2ahUKEwjYjJv0mMLbAhWjtlkKHT_FAPQQjRx6BAgBEAU&url=http%3A%2F%2Fwww.concordrusam.com%2Fen%2Fblog%2Ftestimonial%2Falex-matthew%2F&psig=AOvVaw1mX6vij-7hyeXyziLwIsXS&ust=1528482953750221']
MBFG74,MBFG74,MBFG74@gmail.com,MBFG74,University of Alabama at Birmingham,2020,Undergrad,['chemcial engineering'],1,['https://www.google.com/url?sa=i&rct=j&q=&esrc=s&source=images&cd=&ved=2ahUKEwjYjJv0mMLbAhWjtlkKHT_FAPQQjRx6BAgBEAU&url=http%3A%2F%2Fwww.concordrusam.com%2Fen%2Fblog%2Ftestimonial%2Falex-matthew%2F&psig=AOvVaw1mX6vij-7hyeXyziLwIsXS&ust=1528482953750221']
260HU1,260HU1,260HU1@gmail.com,260HU1,University of Alabama at Birmingham,2018,PhD,['dance'],1,['https://www.historicacanada.ca/sites/default/files/staff_davida_detail_0.png']
AX5XQS,AX5XQS,AX5XQS@gmail.com,AX5XQS,University of Alabama at Birmingham,2020,Undergrad,['environmental engineering'],0,['https://www.google.com/url?sa=i&rct=j&q=&esrc=s&source=images&cd=&ved=2ahUKEwjYjJv0mMLbAhWjtlkKHT_FAPQQjRx6BAgBEAU&url=http%3A%2F%2Fwww.concordrusam.com%2Fen%2Fblog%2Ftestimonial%2Falex-matthew%2F&psig=AOvVaw1mX6vij-7hyeXyziLwIsXS&ust=1528482953750221']
VDNRL3,VDNRL3,VDNRL3@gmail.com,VDNRL3,University of Alabama at Birmingham,2021,PhD,['computer science'],10,['https://4.bp.blogspot.com/-WhG1-sNmrqQ/WkaZ0UXTu4I/AAAAAAAAG1w/rn4ezeF-Ms8AxYi3ckyJARdluWVdJrg_gCLcBGAs/s1600/Cool-Girls-Images-for-Facebook.jpg']
KZ67V8,KZ67V8,KZ67V8@gmail.com,KZ67V8,University of Alabama at Birmingham,2019,Highschool,['mathematics'],0,['https://encrypted-tbn0.gstatic.com/images?q=tbn:ANd9GcTcRZyhoIa_nPHxYVJrZBC0cSM6lf7sSY_V3AI0eGAblufywXT_ug']
57CB7I,57CB7I,57CB7I@gmail.com,57CB7I,University of Alabama at Birmingham,2019,PhD,['computer science'],6,['http://kb4images.com/images/girls-profile-pictures/36688496-girls-profile-pictures-small.jpg']
9C0ITF,9C0ITF,9C0ITF@gmail.com,9C0ITF,University of Alabama at Birmingham,2021,PhD,['chemistry'],1,['https://www.google.com/url?sa=i&rct=j&q=&esrc=s&source=images&cd=&cad=rja&uact=8&ved=2ahUKEwirsqrumMLbAhVux1kKHWq7CpoQjRx6BAgBEAU&url=https%3A%2F%2Fwww.ziglar.com%2Fmichelle-prince%2F&psig=AOvVaw1mX6vij-7hyeXyziLwIsXS&ust=1528482953750221']
KBGTEG,KBGTEG,KBGTEG@gmail.com,KBGTEG,University of Alabama at Birmingham,2018,Undergrad,['physcis'],2,['https://static1.squarespace.com/static/55198f1ce4b00c2cab3e5e30/t/5526d4c0e4b0930deae8978d/1428608208846/600x600%26text%3Dprofile+img.gif']
RUAFDJ,RUAFDJ,RUAFDJ@gmail.com,RUAFDJ,University of Alabama at Birmingham,2018,Undergrad,['civil engineering'],6,['https://cdn.imaginetricks.com/wp-content/uploads/2017/08/Lovely-Girls-Cool-Profile-Pictures.jpg']
